quarterly,USA,USA,USA,USA,USA,USA,USA,USA,USA,USA,USA,FRA,FRA,FRA,FRA,FRA,FRA,FRA,FRA,FRA,FRA,FRA,BRA,BRA,BRA,BRA,BRA,BRA,BRA,BRA,BRA,BRA,BRA,MEX,MEX,MEX,MEX,MEX,MEX,MEX,MEX,MEX,MEX,MEX,ITA,ITA,ITA,ITA,ITA,ITA,ITA,ITA,ITA,ITA,ITA,SPA,SPA,SPA,SPA,SPA,SPA,SPA,SPA,SPA,SPA,SPA,GER,GER,GER,GER,GER,GER,GER,GER,GER,GER,GER,POL,POL,POL,POL,POL,POL,POL,POL,POL,POL,POL,UK,UK,UK,UK,UK,UK,UK,UK,UK,UK,UK,CAN,CAN,CAN,CAN,CAN,CAN,CAN,CAN,CAN,CAN,CAN,SAF,SAF,SAF,SAF,SAF,SAF,SAF,SAF,SAF,SAF,SAF,AUS,AUS,AUS,AUS,AUS,AUS,AUS,AUS,AUS,AUS,AUS,RUS,RUS,RUS,RUS,RUS,RUS,RUS,RUS,RUS,RUS,RUS,CEL,CEL,CEL,CEL,CEL,CEL,CEL
,ST OIS,LI OIS,LI Pocket,LI Utility,SH OIS ,GDP,UNEMP,BCI,CCI,CLI,BTS,ST OIS,LI OIS,LI Pocket,LI Utility,SH OIS ,GDP,UNEMP,BCI,CCI,CLI,BTS,ST OIS,LI OIS,LI Pocket,LI Utility,SH OIS ,GDP,UNEMP,BCI,CCI,CLI,BTS,ST OIS,LI OIS,LI Pocket,LI Utility,SH OIS ,GDP,UNEMP,BCI,CCI,CLI,BTS,ST OIS,LI OIS,LI Pocket,LI Utility,SH OIS ,GDP,UNEMP,BCI,CCI,CLI,BTS,ST OIS,LI OIS,LI Pocket,LI Utility,SH OIS ,GDP,UNEMP,BCI,CCI,CLI,BTS,ST OIS,LI OIS,LI Pocket,LI Utility,SH OIS ,GDP,UNEMP,BCI,CCI,CLI,BTS,ST OIS,LI OIS,LI Pocket,LI Utility,SH OIS ,GDP,UNEMP,BCI,CCI,CLI,BTS,ST OIS,LI OIS,LI Pocket,LI Utility,SH OIS ,GDP,UNEMP,BCI,CCI,CLI,BTS,ST OIS,LI OIS,LI Pocket,LI Utility,SH OIS ,GDP,UNEMP,BCI,CCI,CLI,BTS,ST OIS,LI OIS,LI Pocket,LI Utility,SH OIS ,GDP,UNEMP,BCI,CCI,CLI,BTS,ST OIS,LI OIS,LI Pocket,LI Utility,SH OIS ,GDP,UNEMP,BCI,CCI,CLI,BTS,ST OIS,LI OIS,LI Pocket,LI Utility,SH OIS ,GDP,UNEMP,BCI,CCI,CLI,BTS,ST OIS,GDP,UNEMP,BCI,CCI,CLI,BTS
3/30/05,38655933.33,50038726.41,44790227.71,5248498.701,26063100.43,15468376.53,5.6448,100.5276667,100.7705333,100.3861667,0,17584561.81,3327085.78,3073597.49,253488.29,7210519.24,2463238.183,8.7,100.2424667,100.0390333,99.88399667,0,5162237.356,7441929.258,7424007.602,17921.65558,3262398.057,2252804.575,9.768041224,101.1332,101.6036,99.80876667,0,5537065.617,3338109.447,3323639.83,14469.61702,1251772.383,1772293.236,3.8487,101.0601,101.3397667,99.47144667,0,3293259.23,2694168.59,2689151.71,5016.88,3215507.56,2332909.821,8.3,100.1576233,100.5649,99.85005,0,3570517,1790937.7,1710339.63,80598.07,1499464.09,1526461.682,10.2,100.6374,100.4068667,100.3010667,0,1842770.469,2466527.11,2366621.143,99905.96754,79947.29051,3332669.819,11.5,100.1107533,98.91744,99.85141667,0,804352.9545,185066.5909,184051.8182,1014.772727,505575,685247.8092,18.9,100.0931667,99.90580667,,0,4161721.978,233012.0879,163243.956,69768.13187,2008442.857,2398480.294,4.6,100.3764667,100.9601667,100.4435333,0,2676045.395,5260476.316,5080103.289,180373.0263,1232140.789,1335474.412,7.413,100.9686667,101.2272667,100.0175033,0,1959322.294,216198.6471,207531.1176,8667.529412,245249.0588,522598.9669,29.1129,102.6161,,100.6139667,0,1968025.904,2684189.759,2640557.229,43632.53012,1094475.904,838035.8384,5.5806,99.83235667,101.5371,100.1562333,0,497806.9264,144775.7576,129277.9221,15497.8355,1115383.55,2621101.164,8.7142,101.4289667,,99.17596667,0,0,3267391.097,,101.0502667,,,
6/30/05,70769568.62,51726185.94,46328507.76,5397678.182,28369904.48,15539772.57,5.0266,100.0900333,100.5097333,100.2693333,1,43677159.58,3336029.14,2996602.82,339426.32,9302232.16,2468116.972,8.1,99.73599,99.74589667,99.77545,1,2206565.727,5196416.007,5181745.75,14670.25657,2914299.018,2306914.961,9.462527083,100.3569333,101.1014333,99.20771333,0,10638250.13,2820354.298,2807253.447,13100.85106,1242872.766,1777640.465,3.4821,100.6088667,100.669,98.83991333,1,4213144.87,4167055.04,4155716.4,11338.64,5309025.61,2349462.395,7.5,99.84594667,100.2564333,99.46137333,1,6103408.67,1771787.874,1654559.83,117228.044,2108239.83,1539926.195,9.3,100.3873667,100.2891667,100.3893667,1,1756632.15,2643600.291,2455005.92,188594.3704,159638.836,3351366.351,11.3,99.81523667,98.71773333,99.56057667,1,1454347.045,188290.2273,187164.0909,1126.136364,668374.3182,686554.53,18.1,100.0320533,99.79512333,,1,4549435.165,288859.3407,194193.4066,94665.93407,2571807.692,2428300.024,4.6,99.44194333,100.8443,100.2899333,1,6060040.132,6074223.026,5818552.632,255670.3947,1551670.395,1345163.582,6.7629,100.7740333,101.1854667,99.83351,1,1337133.342,300580.4706,294515.1176,6065.352941,229246.4118,531977.4416,,102.4245667,,100.8882,0,2155333.133,2386507.831,2367071.084,19436.74699,939598.1928,841798.6248,5.0446,99.92799,100.8663,99.946,0,612378.355,183702.1645,159427.7056,24274.45887,1332169.004,2661002.061,7.3141,100.8890333,,99.41713333,0,0,3370866.073,,101.2414333,,,
9/30/05,49527949.74,52864237.12,48765835.41,4098401.706,28861707.19,15678283.82,4.9676,100.5532667,99.97966667,100.4064,1,21342310.59,4010255.89,3792812.82,217443.07,7247034.41,2480736.774,8.2,99.87795667,99.80044,99.87812,1,6177874.987,5956739.732,5898113.399,58626.33302,3400959.138,2287355.199,9.882151092,99.8167,100.4316667,98.78835333,0,5231053.149,2987197.234,2975658.17,11539.06383,1293540.809,1794228.489,3.7848,100.5387,100.7129667,99.50304,0,4195358.31,3922402.5,3913692.31,8710.19,5598211.01,2364706.362,7.1,100.2465667,99.95134,99.4197,1,7441286.72,1739286.217,1673219.477,66066.7399,1947266.717,1554817.212,8.4,100.5626667,100.3580667,100.5593667,1,1574853.914,2991628.556,2819274.36,172354.1958,100393.6318,3379021.775,11.1,99.94465667,98.68786333,99.79952333,0,1636396.591,236289.3182,234906.1364,1383.181818,731885.4545,699616.3859,17.4,100.1548,99.74461,,1,4858487.912,263157.1429,206372.5275,56784.61538,2484812.088,2455959.068,4.8,99.44756667,100.7232333,100.2355,1,5357957.895,6775525,6489344.737,286180.2632,1878265.132,1361458.555,6.7812,101.0597333,100.4143333,99.76284667,1,1938607.918,211883.2353,205938.2353,5944.999999,208922.2353,539231.6051,29.131,102.5979,,101.29,0,2819625.904,2767561.446,2705657.229,61904.21687,952903.012,850778.3523,4.7573,99.34352,100.5721333,99.87930667,0,829645.8874,220513.4199,181082.2511,39431.16883,2140052.814,2707894.371,6.6749,100.9952,,100.0060167,1,0,3417768.826,,101.4826667,,,
12/30/05,37311349.7,54037007.58,48143868.5,5893139.074,25958680.93,15777286.4,4.7048,100.7685667,99.52677333,100.8108,0,15642174.27,3583350.61,3051599.36,531751.25,7196275.38,2499456.313,9,100.0702333,99.39510333,100.1403667,0,10383730.15,6008576.756,5972743.689,35833.06726,4297434.448,2308762.402,9.7953403,99.96215667,100.1898667,98.91509,1,3674821.447,3294112.766,3265926.681,28186.08511,1261324.596,1822544.745,3.1231,100.5942,101.7002333,100.547,0,3802152.11,5648525.06,5616127.38,32397.68,3922636.07,2367631.228,8.1,100.6171667,100.2438,99.76447,0,3526255.66,2759688.8,2679284,80404.8,1488526.23,1570580.985,8.7,100.6535,100.1448667,100.7486,0,2013575.903,3226392.689,2700070.664,526322.0253,109893.9238,3394991.834,10.8,100.2106667,99.26105333,100.4445,0,634031.5909,334330.2273,332134.5455,2195.681818,627533.8636,712638.5927,16.8,100.2361667,100.15166,,0,3937178.022,360727.4725,284298.9011,76428.57143,2496175.824,2492798.2,5.1,99.33135667,100.4799333,100.3711,0,2688234.868,6092641.447,5860280.263,232361.1842,1393259.211,1374919.763,6.0859,101.2421,100.4154,99.97768667,0,3458390.758,265723.0588,248608.8235,17114.23529,258351.5882,542842.3614,,102.7458333,,101.5915,1,4243515.06,3474401.808,3447860.844,26540.96386,1080462.651,857974.4883,4.7552,99.47913,100.1832,99.86783333,1,487180.9524,225923.8095,184669.2641,41254.54545,1133856.277,2763753.912,6.7928,101.0825667,,100.7089667,0,0,3504166.846,,101.497,,,
3/30/06,39616489.01,54875936.92,50641821.79,4234115.126,25576279.65,15987169.61,5.0257,100.3795667,100.2141,101.2021667,0,17825068.16,3416312.51,3159957.59,256354.92,6387910.79,2518300.95,9.1,100.4491333,99.56214333,100.4603667,0,5250392.484,6168814.577,6132061.24,36753.33756,2838832.922,2348397.866,9.976820115,100.4790333,100.6326667,99.55917,0,7049934.298,3741044.17,3739741.574,1302.595745,1312480.213,1854342.309,3.5324,100.7590333,102.3147667,101.2279333,0,3720664.77,2077225.9,2051451.5,25774.4,3788658.1,2374503.038,7.6,100.9480667,100.4219,100.2697333,0,4689888.36,1897202.78,1800074.5,97128.28,1897275.28,1588565.77,9,100.6119333,99.99906333,100.9029,0,1776758.087,2489285.491,2375634.832,113650.659,103522.4412,3427710.752,11.3,100.7157667,99.89964,101.1205,0,798263.4091,159653.1818,158673.8636,979.3181818,434625,723367.7138,16.1,100.1735667,100.5343333,,0,4461310.989,218598.9011,145912.0879,72686.81319,1911849.451,2502753.193,5.2,99.29802,100.5319333,100.7098333,0,2967246.053,6735717.763,6476848.026,258869.7368,1581971.053,1386070.3,6.8908,100.8966667,101.3852,100.2369333,0,2119704.765,331463.9412,320099.8235,11364.11765,270393.7059,552379.131,28.5622,102.8524333,,101.8620667,0,2344703.613,2708318.072,2672361.446,35956.62651,853606.0241,859758.0799,5.5107,99.56106,100.8648333,99.90119,0,562305.6277,221197.4026,196176.6234,25020.77922,681519.4805,2817111.089,7.3955,101.2311,,101.7043,0,0,3591966.301,,101.32,,,
6/30/06,68181432.42,51358058.1,47180094.83,4177963.273,32107931.99,16024531.58,4.587,100.1896,99.67187667,101.1754,1,43445044.76,3860023.65,3523029.3,336994.35,9934807.52,2543730.701,8.3,100.7644667,99.65427333,100.6069667,1,1573034.007,6009163.778,5972560.313,36603.46532,2906228.217,2358918.665,10.3761843,100.6022333,100.5057,100.0139733,0,11504826.54,3165287.319,3164476.936,810.3829787,1426917.191,1872979.648,3.1365,100.6658333,102.3885333,101.8846,1,4926775.84,3565289.02,3516180.81,49108.21,5819698.39,2389774.087,6.5,101.3880667,100.6429667,100.7826667,1,5537667.86,1912689.06,1837937.99,74751.07,2241930.16,1603962.384,8.5,100.8742667,99.81580333,101.0730667,1,2084412.946,2469156.35,2335590.251,133566.0992,178890.6254,3487306.139,10.2,101.3155333,100.0956,101.4550667,1,1442971.591,192016.5909,191245.6818,770.9090909,683309.7727,740096.269,14.1,100.5848,100.3068333,,1,4320030.769,141961.5385,96100,45861.53846,2437352.747,2509048.595,5.3,100.3071333,100.5189,101.1022,1,5452294.737,6186486.184,5970984.868,215501.3158,2123353.289,1386786.155,6.1388,100.3752333,101.3721667,100.1873333,1,1602708.765,311011.7059,300676.2941,10335.41176,240405,560224.5847,,102.7866333,,102.1933,0,2630862.048,2972468.675,2927872.892,44595.78313,909318.0723,861214.8084,4.8484,99.62632667,100.5217,99.86668333,0,662489.1775,237116.0173,200928.1385,36187.87879,690934.1991,2871343.406,6.4378,102.2246333,,102.6549333,0,0,3643560.63,,101.6128333,,,
9/30/06,51517656.26,58735101.57,54417488.52,4317613.048,34399758.68,16049310.77,4.6604,99.89388333,99.76933667,101.1145333,1,23591782.27,3322905.56,3120469.25,202436.31,8312040.09,2544085.977,8.1,100.9101,99.84755667,100.8240667,1,6712413.523,6131400.433,6073036.963,58363.46954,4309248.51,2391146.078,9.942763397,100.5134333,100.5532667,100.2320667,0,6118275.19,3359723.021,3359105.362,617.6595745,1201036.426,1878785.712,3.9918,100.8647667,102.5123333,101.5015,0,3965863.39,5095708.66,5061001.58,34707.08,5499343.23,2399709.965,6.1,101.4115667,100.7980667,101.2040667,1,7920255.88,1789460.33,1680082.46,109377.87,2002167.87,1618865.439,8.1,100.8942667,99.93406333,101.4264333,1,1603242.032,2909471.527,2834106.149,75365.37857,169726.4175,3513793.155,9.8,101.6300667,99.83673333,101.4827,0,1736098.864,262372.7273,262238.4091,134.3181818,612523.8636,752408.1957,13.1,101.1730667,100.365,,1,4945146.154,155667.033,94938.46154,60728.57143,2830404.396,2511627.843,5.6,100.4049333,100.4640667,101.5034667,1,5786850.658,6446994.737,6262415.132,184579.6053,2396556.579,1390658.692,6.5181,100.1835,101.0865,100.0566667,1,1956306,282524.4706,274923.0588,7601.411765,268769.0588,567962.033,28.1301,102.8775,,102.4760333,0,3117158.434,3048051.205,3016942.771,31108.43373,1092587.349,874075.7137,4.4874,100.1467333,99.80753667,100.1032367,0,1335342.857,265797.4026,225178.355,40619.04762,1041504.762,2937273.159,6.1452,102.9710667,,103.1919667,1,0,3763907.324,,101.8316333,,,
12/30/06,42221968.54,57897835.31,52185534.64,5712300.667,29625291.81,16186029.26,4.2264,99.47449667,100.6120333,101.3704667,0,12226574.22,3626808.46,3329778.62,297029.84,6309455.12,2564717.001,8.3,101.0622667,100.1634333,101.2109333,0,10462328.12,7510642.631,7441720.199,68922.43269,4131518.03,2419520.569,9.640024013,100.8145,101.0977,100.7596667,1,4100748.509,3850567.702,3851291.745,-724.0425532,1511772.553,1882680.464,3.5945,101.2889,102.3074,100.6595,0,3672822.71,6854954.34,6793517.76,61436.58,4378877.61,2427880.214,6.9,101.3492667,100.8890667,101.5573667,0,3421417.33,2706966.47,2637581.8,69384.67,1707324.84,1634430.585,8.3,101.0772667,100.1953667,101.9188,0,2524967.168,2784133.978,2659002.802,125131.1753,276617.0108,3567545.885,9.8,101.9918667,99.81122,101.6347,0,682078.6364,269247.2727,268413.4091,833.8636364,678677.7273,741617.0467,12.2,101.5928,100.5744,,0,4171529.67,237714.2857,173783.5165,63930.76923,2637505.495,2524676.803,5.3,100.7158,100.5334333,101.9146,0,2644233.553,6988803.947,6705354.605,283449.3421,1784629.605,1396201.834,5.7429,100.4355667,101.1996,100.1834,0,3821042.118,288602.5882,275677.6471,12924.94118,269522.9412,575815.6381,,102.9519333,,102.6328,1,4609581.325,3428787.952,3374532.53,54255.42169,1142367.47,885263.6975,4.2955,100.2412667,100.0998067,100.5230667,1,636425.1082,444681.3853,404455.4113,40225.97403,1241314.286,2993059.041,6.1761,103.3417,,103.5795333,0,0,3828318.614,,101.9452333,,,
3/30/07,34663364.51,55893291.97,52140752.99,3752538.978,34297987.63,16224146.25,4.8156,99.51866,100.5594333,101.7131667,0,16391015.03,2529176.27,2281103.74,248072.53,5620674.42,2583086.268,8.5,101.212,100.2858,101.5619,0,3863228.586,5935975.108,5911906.934,24068.17413,2799425.398,2469552.003,9.638346533,101.4219667,101.3051667,101.5479,0,7496404.384,3854777.234,3852877.447,1899.787234,1403686.511,1895985.256,3.9474,101.6043667,101.6662,99.79253667,0,3755166,3160683,3136640,24043,4448144,2427802.218,6.4,101.3888,100.7864333,101.8501,0,5168621.82,1319426.56,1225631.77,93794.79,2003645.96,1649381.792,8.4,101.3949667,100.0898667,102.2516333,0,1755080.44,2132648.76,2045696.31,86952.45,470786.07,3569396.785,9.5,102.0171667,100.2638667,101.9039333,0,901180.9091,166170.9091,164835.6818,1335.227273,625285.2273,774935.7498,11.3,101.6612333,100.7860667,,0,3975241.758,93951.64835,22687.91209,71263.73626,2328065.934,2548240.725,5.5,101.1222667,100.2788667,102.1924,0,2924623.684,5878667.105,5611405.921,267261.1842,1869789.474,1405132.312,6.5924,100.4217,101.4617,100.4411,0,2477556.527,385298.3518,372036.3524,13261.99941,330550.3508,585165.6963,28.0234,102.8674333,,102.6492667,0,2363559.639,3182113.855,3155951.205,26162.6506,1023376.506,898469.4819,4.9812,100.1754667,101.2075,100.6524667,0,181910.2062,69201.19962,62522.16013,6679.039487,80231.67936,3047342.684,6.2682,103.6377,,104.0774,0,0,3935258.708,,101.7971,,,
6/30/07,69946228.25,59861201.02,53775850.9,6085350.121,41963140.92,16317089.9,4.431,99.89415,100.0832667,102.0043667,1,43651642.88,3042776.21,2873785.65,168990.56,8837348.5,2603291.962,7.5,101.2377,101.0304667,101.7760667,1,855246.5738,6338205.391,6306275.574,31929.81734,3385178.159,2513147.788,9.281559193,101.9924333,101.3852,102.3464667,0,12154263.66,2906145.064,2906097.489,47.57446809,1649200.426,1910709.223,3.316,101.4331667,101.7829333,99.96757667,1,4961780,4493614,4456151,37463,6542037,2430674.003,5.7,101.4993667,100.4100667,102.0069,1,6360663.218,1377589.36,1318233.57,59355.78998,2530835.26,1664164.467,7.9,101.2462333,100.0206567,102.4237667,1,2063102.44,2996192.88,2820758.56,175434.32,89407.86,3599388.665,8.6,102.0684667,100.9892333,102.0848,1,1504072.727,239104.0909,238733.4091,370.6818182,737689.3182,784018.5779,9.6,101.8885333,100.9754333,,1,4508353.846,131556.044,92083.51648,39472.52747,2864734.066,2564038.62,5.2,101.2619,100.6348333,102.2147,1,5839596.711,6855607.237,6592248.026,263359.2105,2444150.658,1418746.742,6.0248,100.3554,101.2818,100.5547667,1,1744303.236,368138.8237,358094.2942,10044.52947,313948.2942,589961.1843,,102.6207,,102.5208,0,2941787.349,3091246.988,3050187.952,41059.03614,916480.7229,903768.7823,4.3154,100.04644,101.8446,100.658,0,322480.1579,116278.3645,109805.8294,6472.535058,374847.098,3124251.464,5.3129,103.8882,,104.4973667,0,0,4034433.072,,101.5698667,,,
9/30/07,52463964.41,56332013.35,52217713,4114300.355,35613790.88,16405735.97,4.6769,99.64830333,99.77973,101.9541333,1,29909973.42,4028339.91,3736978.33,291361.58,7531242.25,2612078.786,7.2,101.2351,100.8628667,101.7617,1,2719047.459,7732331.591,7695227.461,37104.1305,3915000.76,2532574.831,8.764407539,102.2166,101.5878333,102.8505333,0,7982771.915,3409403.532,3409104.17,299.3617021,1406602.468,1922686.7,3.8151,101.1152667,101.6462667,100.5808667,0,4746350,2314200,2259557,54643,6231960,2435018.512,5.6,101.1354,100.0188667,101.8436,1,8801963.5,1968912.74,1904978.5,63934.24,1735557,1676924.757,8,100.9911,99.97999333,102.4555,1,2706825.86,2517296.36,2468444.13,48852.23,234398.07,3617695.282,8.4,101.8955333,100.8396333,101.9490667,0,1803207.5,323064.0909,322616.8182,447.2727273,784691.1364,797361.3837,9,101.6815333,101.0288333,,1,5946270.33,146378.022,119969.2308,26408.79121,2802285.714,2583942.951,5.5,101.0001667,100.7475667,101.8008333,1,5442778.947,6420517.763,6285571.711,134946.0526,2447323.026,1424703.415,6.0269,100.6346333,101.4177333,100.4714333,1,2051882.412,361166,349693.8824,11472.11765,327021.353,596875.1192,25.0712,102.0941333,,102.1612333,0,3225139.759,2773404.217,2752154.217,21250,1183650.602,913793.4423,4.0817,100.6113333,101.5040667,100.6631,0,591833.3644,165659.6999,157741.2888,7918.411026,432402.2499,3193144.657,5.0474,103.6539333,,104.6525,1,0,4106830.029,,101.4900333,,,
12/30/07,37149602.69,65005658.89,58984977.98,6020680.909,34825841.26,16505456.91,4.566,99.28701667,99.00397,101.6057667,0,15346574.67,4082406.61,3733597.28,348809.33,8309176.83,2618423.714,7.4,101.3334333,99.95167667,101.3854,0,10570661.69,7932807.009,7874936.75,57870.25868,4600927.435,2579855.836,8.303446775,102.3685667,102.1569333,103.0333333,1,4726029.957,3489763.745,3489709.872,53.87234043,1626251.404,1930238.742,3.438,100.4445667,101.2819,100.3814,0,3362223,5767952,5716126,51826,4507002,2427251.368,6.6,100.8661,99.66507667,101.561,0,3296254.22,2837414.07,2699450.11,137963.96,1551532.63,1687704.794,8.6,100.7252667,99.23085667,102.1452333,0,2052794.26,2890848,2593591,297257,160234,3641065.292,8.2,101.5580333,100.3136667,101.6524,0,814096.8182,194127.9545,193357.9545,770,666967.9545,807759.4461,8.5,101.5691,101.3299333,,0,3671132.967,73156.04396,45124.17582,28031.86813,2831023.077,2596115.193,5,101.0619333,100.4761,101.0040333,0,2971821.711,7245844.737,6990586.842,255257.8947,2492506.579,1426322.121,5.5125,100.5062,101.2804667,100.2257667,0,3763057.177,386589.8236,372679.5883,13910.23535,313599.5295,605331.9246,,101.7289,,101.5473,1,4929562.651,3407853.012,3380309.036,27543.9759,925117.4699,918382.3945,4.139,100.5703,101.0933667,100.7573333,1,370686.2086,219630.6942,205999.035,13631.65923,524319.1879,3295128.338,5.1302,103.1303333,,104.3954,0,0,4245512.924,,101.2500333,,,
3/30/08,33197133.65,49059805.95,44625114.7,4434691.247,33143227.44,16410600.08,5.2788,99.11976,98.23106667,101.1776333,0,16950644.68,3288519.53,3076207.24,212312.29,7826784.13,2629667.447,7.2,101.1994,99.05745333,100.7249,0,3831233.773,7437324.238,7407725.112,29599.12575,3551568.5,2620956.909,7.796752843,102.24,102.4772667,102.9374333,0,8066580.851,2786652.043,2786376.298,275.7446809,1343140.255,1926597.633,3.8384,100.2937667,100.9827,100.1204833,0,4298524,1776423,1718743,57680,4444731,2452567.707,7.1,100.6398667,99.37428,101.3415667,0,4944523.813,2286440.13,2159544.56,126895.57,2023688.92,1691346.292,9.6,100.274,98.67281,101.3036,0,1864514,2222928,2082650,140278,167825,3664923.942,8.2,101.4312667,99.86645333,101.2577333,0,1008280.177,310422.9477,309324.3114,1098.636364,547908.9823,823627.8813,8.1,101.6988,101.3113,,0,4317698.901,40102.1978,24717.58242,15384.61538,1979083.516,2610199.246,5.1,100.7841667,99.75685,99.77000333,0,2542511.322,6234035.362,5966497.803,267537.5592,2399099.901,1427415.262,6.3377,100.0394133,100.8082667,100.0086833,0,2800266.82,467017.2929,440448.0582,26569.23471,424415.2332,607875.6005,23.0633,100.9537667,,100.7877,0,2758533.133,3187750.602,3150554.819,37195.78313,1160934.94,928800.8345,4.4534,99.74045667,99.71085333,100.3935,0,258606.1391,260065.8405,252853.5036,7212.336923,754171.1946,3382553.755,5.767,103.0212,,103.5997,0,0,4271236.606,,101.432,,,
6/30/08,72075460.36,57851614.14,52091873.41,5759740.727,38265509.28,16495342.3,5.2499,99.26229667,96.98624,100.4931,1,51819121.71,3768294.14,3443306.47,324987.67,7527834.25,2617462.968,6.7,100.6099,98.30204333,99.86903667,1,2305313.625,7804387.319,7764728.464,39658.85545,4047762.346,2671955.859,7.741140158,102.2961667,101.7753333,102.4521333,0,13587934.04,2796806.043,2796714.128,91.91489362,1773186.426,1940868.872,3.4145,100.3692333,99.71044,98.80684333,1,4695107,5819781,5751590,68191,6305371,2430519.635,6.7,100.3646333,99.41886,100.9689333,1,6592943.74,1680263.66,1568860.33,111403.33,2141827.27,1693194.126,10.4,99.54259,97.51164667,99.97996667,1,2282761,2389892,2297828,92064,71598,3655575.702,7.8,101.1642333,99.35474667,100.35273,1,1689434.332,256407.4023,254884.575,1522.827273,805246.1409,826814.6551,7.1,101.3152333,101.4093,,1,5107351.648,77683.51648,50263.73626,27419.78022,2759641.758,2595719.255,5.2,99.98519667,98.13350333,97.95740667,1,5552585.974,6585006.625,6354734.434,230272.1908,3002140.474,1432577.822,6.0394,99.74765333,99.34373333,99.69891,1,1906910.294,409251.3531,395822.5883,13428.76476,467188.1766,615296.9573,22.5012,100.2207333,,99.93942333,0,2880428.917,2865277.711,2839951.808,25325.90361,1157339.157,930880.4045,4.2455,99.18254333,98.52400667,100.2393333,0,435734.194,171285.96,161082.949,10203.01103,734693.8605,3403579.79,5.3786,102.8916,,102.0337333,0,0,4315822.401,,100.8936,,,
9/30/08,54609404.38,58128183.52,52913166.63,5215016.892,38753527.7,16406043.84,6.0298,98.73575667,97.17752,98.94851333,1,23540380.65,4305774.62,4030366.65,275407.97,8210108.11,2609216.563,6.7,99.69772,97.86835667,98.83677,1,5365643.252,8045128.639,7981140.541,63988.09841,4650216.788,2711645.31,7.862689269,102.0998,101.0909667,100.2985167,0,7138331.915,2866268.383,2866268.383,0,1600703.489,1946855.379,4.0922,98.38752667,98.53249,96.9959,0,4602724,4191368,4122674,68694,6002096,2401618.711,6.1,99.90972,99.26300333,99.89382,1,9557296.949,2307000.91,2161063.87,145937.04,2154500.19,1690076.282,11.2,98.75089667,96.47928667,98.58911667,1,2729915,2485349,2406102,79247,112453,3632594.579,7.1,100.1963333,98.71229,98.42819667,0,1956453.752,334279.8045,333287.7455,992.0590909,792669.475,823271.2818,6.6,100.6506667,101.2505,,1,5307057.143,92051.64835,67460.43956,24591.20879,2620517.582,2555130.033,6,99.08756667,97.18722333,96.03188667,1,5551986.184,6756462.52,6416783.993,339678.5263,2423184.645,1444325.59,6.1213,98.9481,98.60283333,98.64167667,1,2407740.529,435079.9412,408514.2353,26565.70588,484228.9995,616767.3714,22.6828,99.70091333,,98.61504333,0,3158541.566,3118049.398,3073272.892,44776.50602,992637.3494,938097.1302,4.0202,99.32714667,98.38879,99.89623,0,775841.2572,336346.8851,323478.8724,12868.01269,971806.2282,3352843.695,5.1937,101.3543,,98.14442,1,0,4353380.409,,99.86960667,,,
12/30/08,35631823.81,58662896.1,52447223.56,6215672.545,36652503.06,16051048.02,6.5698,96.53420667,96.79308667,96.54099333,0,14628669.72,4059899.19,3759804.55,300094.64,6653536.66,2573193.584,7.7,97.88924333,98.03472667,97.77089333,0,10817706.5,8183252.516,8121140.344,62112.17189,4702097.561,2604938.727,8.431322916,98.73432,100.04991,97.16432667,1,5065017.447,2903080.894,2903080.894,0,1673337.702,1915708.713,4.1517,94.61797,97.91505667,95.00217333,0,3088319,8015117,7954612,60505,4349686,2342282.391,7,98.51496667,99.36231667,98.20484333,0,3474347.27,2642924.37,2521974.48,120949.89,1478797,1662798.153,13.8,97.35204,95.95647667,97.58798333,0,2536960,2690184,2398681,291503,81506,3574557.206,7,98.04520667,98.26388667,95.85732667,0,932950.4296,322300.6023,319580.6341,2719.968182,602477.5432,825232.5792,6.7,99.36743333,100.7847333,,0,4073906.593,174227.4725,164762.6374,9464.835165,2591424.176,2502357.256,6.2,97.71507333,97.19521333,95.17009333,0,2517801.309,6845059.145,6616898.329,228160.8158,2733781.368,1427578.368,6.0541,98.31587,97.38563333,96.98838333,0,4295594.765,383762.4121,349228.412,34534.00006,546268.4123,613255.9484,21.3795,99.26366667,,97.26719667,1,4850119.277,3740019.277,3705975.904,34043.37349,1337587.349,933557.0788,4.22,97.68675333,98.59955,98.97845667,1,290042.8304,336308.2117,321903.7627,14404.44897,1178626.403,3243802.127,5.4943,96.67099,,93.68676,0,0,4358716.477,,98.10686333,,,
3/30/09,29456050.29,52439289.97,48584908.84,3854381.126,33154513.54,15870843.7,8.808,96.33256333,96.76021,95.08600667,0,14806296.32,3090317.08,2871220.62,219096.46,4180263.27,2529924.978,8.6,96.75906,97.95113333,97.26320667,0,4675395.073,8999255.563,8949265.653,49989.91025,4498462.323,2561986.671,8.281491341,97.22071667,99.80431333,96.25702667,0,7385970.426,2903269.745,2903269.745,0,1506362.511,1818092.997,4.9797,94.44229,97.2999,95.12729,0,3349037,4475118,4408093,67025,4229652,2276823.894,7.9,97.30524,99.27730333,97.16748333,0,4156601.45,2714032.17,2585618.24,128413.93,1390675.13,1619473.359,17.3,96.71222333,95.88196667,97.21903,0,1938233,2330418,2188232,142186,116982,3407359.28,8.1,96.45922667,97.50441667,94.60749667,0,1027572.005,336779.5409,335120.8864,1658.654545,591080.775,839141.4198,8.3,97.72458333,99.56698667,,0,4253037.363,68521.97802,58678.02198,9843.956044,1984804.396,2458634.473,7,96.45306,97.11126667,95.73447333,0,2222238.342,5946782.743,5752290.868,194491.875,2201388.961,1395319.577,8.3573,97.75342,97.00573333,96.38049,0,3032341.527,580423.9989,562663.9995,17759.99941,490552.7035,603716.824,22.8423,98.86925,,96.62263,0,2280319.278,3260006.627,3234857.229,25149.39759,1075478.916,943218.8435,5.7788,97.47929333,98.66795667,98.19645333,0,274689.6086,222983.3999,206203.5771,16779.82282,728514.2792,3129393.818,5.5133,95.11287333,,91.66495333,0,0,4278248.62,,96.50483,,,
6/30/09,69364476.55,61175087.64,54422563.36,6752524.277,38995930.03,15847991.31,9.1181,97.85162,97.63184667,95.59499667,1,45353172.7,3747230.8,3539601.63,207629.17,6268841.53,2527322.957,8.5,97.1555,98.45148667,97.70160667,1,2166232.51,7841956.991,7794314.647,47642.344,4965556.568,2613193,7.866216513,98.84718667,100.467,97.92563333,0,13184237.83,2648737.574,2648737.574,0,1819421.234,1790569.986,5.0929,96.48780333,97.3696,97.83508667,1,4549841,4618753,4529798,88955,6010229,2269648.223,7.3,97.57167333,99.71470333,97.54469,1,6301839.81,1417703.96,1270676.22,147027.74,1793877.9,1619298.808,17.8,97.01184,97.23832333,97.71107333,1,2320582,2419331,2236552,182779,138784,3412033.271,7.8,96.41735,97.52553,95.65949333,1,1707660.791,252353.9273,251015.5545,1338.372727,768515.285,839339.4225,7.9,97.67186333,99.41026333,,1,4871126.374,184274.7253,165234.0659,19040.65934,2549662.637,2452650.164,7.6,96.51399333,98.21903,97.48178667,1,4940130.836,6197976.217,5822850.618,375125.5987,3068589.316,1380093.032,8.5873,96.83694667,98.07863333,97.49035667,1,1794486.353,485187.3533,449352.1766,35835.17665,584867.9416,601645.021,23.0767,98.64053333,,96.85662333,0,2658610.242,3802172.892,3756354.217,45818.6747,1314456.024,948492.4066,5.7105,98.99575,99.30851667,98.29071333,0,312429.3017,180186.2027,141081.0383,39105.16436,1052362.849,3083740.319,5.0396,96.43175333,,91.96792,0,0,4526543.549,,97.46254667,,,
9/30/09,51709576.01,57983713.08,53464727.86,4518985.221,36279937.99,15905695.61,9.5878,99.59483667,97.90599333,97.08023,1,22677669.1,4081818.02,3859829.9,221988.12,6403812.51,2531371.101,8.3,97.93689667,98.8829,98.69632333,1,6091551.264,9059796.562,8992120.843,67675.71956,5450983.413,2677651.363,7.810998226,100.6523667,101.2213667,99.91842,0,8762040.638,2975083.66,2975149.191,-65.53191489,1965089.319,1848759.013,6.1153,98.02294667,97.50942,100.76415,0,4311761,4597976,4520623,77353,6546974,2280542.806,7.3,98.28209333,100.4133,98.73656333,1,8944033.74,2510297.87,2366395.54,143902.33,2156463.97,1622717.602,17.8,97.73567667,98.23286,98.75669,1,2597130,2558132,2495217,62915,198415,3431508.348,7.9,97.32838333,98.84249333,97.90685,0,1843743.191,409108.175,403659.2841,5448.890909,766456.1409,844634.901,8.1,98.32813,99.62646333,,1,4791515.385,146098.9011,129704.3956,16394.50549,2637021.978,2454392.288,8,97.65981667,99.24081333,99.86677667,1,6198408.539,6490968.645,6191778.283,299190.3618,3053061.605,1386302.602,8.5762,96.85813667,99.20006667,99.29636667,1,2607813.647,449237.9998,424328.5882,24909.41159,532738.9412,603040.2614,24.2872,98.57633,,97.53825,0,3342216.266,3418081.325,3375242.771,42838.55422,1249057.831,951398.1425,5.4637,100.6675,101.1221667,99.13812333,0,1027879.705,265910.1282,221029.1923,44880.9359,1218923.603,3096396.765,4.8703,97.97133667,,93.43665,1,0,4642146.25,,99.20426,,,
12/30/09,37235754.69,63214004.23,56842735.74,6371268.485,34463301.29,16080401.24,9.5015,100.3554667,98.13284333,98.45632667,0,14542360.98,3113465.79,2822871.46,290594.33,4952374.19,2549980.555,9.5,98.8388,99.74623667,99.63683,0,11388168.65,8781607.18,8711991.937,69615.24232,5733466.36,2744028.955,7.276435428,101.9366333,101.4071333,101.0803667,1,5199596.553,3634966.34,3634966.34,0,1602244.681,1880624.089,5.2177,98.82770667,97.27608333,101.7101667,0,3352469,7928110,7832826,95284,4206044,2287669.729,8.5,99.0124,100.6847333,99.80998,0,3453528,2258000,2089243,168757,1330342,1622386.557,18.7,98.32963,98.60746333,99.78350333,0,2631108,3417753,2967820,449933,148354,3457215.637,7.3,98.41103,99.66402667,99.65631667,0,877075.6409,622232.5774,618118.2365,4114.340909,767345.9401,864940.1542,8.5,99.05028667,99.60048333,,0,4866954.945,370657.1429,347405.4945,23251.64835,2650142.857,2461756.72,7.6,98.90524,99.99721333,101.6537333,0,2679534.243,7291730.678,6906357.961,385372.7171,2971828.974,1402469.068,7.8497,96.77814,99.62606667,100.6091,0,4839321.706,393811.6471,367073.353,26738.29412,529337.8825,607061.1442,23.9196,98.82568,,98.32037333,1,5037630.12,4122806.626,4069586.144,53220.48193,1342884.337,958367.7906,5.2918,100.4887,101.6835333,100.0455333,1,337253.0128,277410.2821,229406.7179,48003.5641,1013267.782,3129890.75,5.2207,98.92918333,,95.25081667,0,0,4740871.988,,100.08002,,,
3/30/10,34005407.98,59559383.09,55428813.36,4130569.732,34628338.17,16142275.36,10.3991,101.0712,98.44608333,99.41150667,0,15412541.25,3558331.84,3313697.8,244634.04,5574866.02,2559512.959,9.4,99.31837667,99.83949667,99.92679667,0,4932109.129,10455711.54,10398660.46,57051.08647,5508613.181,2793463.638,6.950969493,102.4715667,101.4253333,101.4258333,0,8665856.567,3520724.082,3520724.082,0,1727956.489,1900641.071,5.2659,100.7198333,97.59800333,101.6865667,0,3446629,4444095,4342315,101780,5064912,2295012.768,9,99.72495667,100.11142,100.3433333,0,4834038,2479683,2284957,194726,1691300,1621929.113,19.9,98.89119667,98.73061667,100.3137,0,1832029,2592881,2428240,164641,179481,3484969.169,7.9,99.50714,99.71264,100.6942333,0,1064356.818,349342.5,346858.1818,2484.318182,708688.8636,859821.0295,10.6,99.76877667,100.0744167,,0,4401190.11,290897.8022,279210.989,11686.81319,1996776.923,2477441.491,7.9,99.62943333,100.1874667,102.1430333,0,2861373.191,5712238.671,5410939.23,301299.4408,3044774.059,1419387.634,8.7626,98.35323,100.1796,101.2583333,0,3314234.762,695128.3518,665671.6466,29456.70512,586975.0567,613972.5502,24.8713,99.51073333,,99.00618,0,2390613.254,4132080.723,4090254.217,41826.50602,1300230.121,963214.1153,5.8061,100.3488,101.5471667,100.5886667,0,342083.9744,222788.5897,181555.2436,41233.34615,899432.141,3196822.275,5.7257,99.70416,,97.07011667,0,0,4864142.99,,100.4231,,,
6/30/10,62711084.44,65473567.93,58838722.74,6634845.186,38160644.81,16291111.71,9.483,100.9264,98.41001333,99.65841333,1,43874049.08,4488483.26,4222402.4,266080.86,5535052.46,2572643.157,8.6,99.67192667,99.17025,99.94832333,1,2668063.964,9264839.998,9188536.203,76303.79474,5464918.08,2835349.302,6.575002676,102.5288333,102.0122667,101.3316,0,15398682,2903552.8,2903552.8,0,1896452.53,1920869.866,5.1378,101.3427333,98.17053333,101.6855333,1,4705612,4677003,4555284,121719,6582867,2311961.823,8.3,100.1347367,99.47124,100.5443,1,6881782,2236146,2101077,135069,1892657,1624360.79,19.9,99.40169333,98.09280333,100.2867333,1,2938208,2427590,2234485,193105,291579,3562871.79,7,100.6199667,99.94757333,101.4775667,1,1592035.455,449120,441902.9545,7217.045455,718751.1364,872499.0424,9.6,99.90349333,100.1548667,,1,5235218.681,80797.8022,70507.69231,10290.10989,2423791.209,2502266.756,7.7,100.3343333,99.77215333,101.8360333,1,5094598.118,7531573.112,7027120,504453.1118,2944771.717,1426814.734,8.1287,100.5211333,99.80416667,101.2541667,1,2088039.471,404483.2944,370557.1766,33926.11771,621874.3534,618161.3393,24.8828,99.65503333,,99.34212,0,2413934.934,3263555.422,3234701.808,28853.61446,1381489.157,968194.2737,5.2618,100.03115,100.8732333,100.7451,0,506691.641,447599.359,390332.1282,57267.23077,1516344.385,3227195.254,5.5748,100.8820333,,98.74087,0,0,4981006.926,,100.8073,,,
9/30/10,70487700.07,67475455.9,62046851.19,5428604.701,43360430.03,16411211.62,9.4945,100.4614667,97.93684,99.57612667,1,24128944.04,3041130.32,2804578.66,236551.66,5955509.04,2587759.898,8.3,100.14272,99.05635,100.3734667,1,6641354.999,10120507.5,10045836.97,74670.53532,6284106.36,2865620.023,6.158822264,102.2882,102.4115333,101.4338,0,9563810.492,3483016.397,3483016.397,0,2002817.811,1938460.757,5.5413,101.2702333,98.80903333,101.3517333,0,4296676,4900143,4800123,100020,6387430,2323151.602,7.5,100.444,98.93162667,100.888,1,9181641,2550366,2452941,97425,2209736,1623530.168,19.6,99.53087667,98.01220667,100.1413,1,2461570,3193844,3042610,151234,241756,3592474.474,6.6,101.4023,100.8930333,102.1416,0,2238277.955,410120.2273,399924.3182,10195.90909,740823.6364,885051.2967,9.2,99.97894,99.89754667,,1,5478071.429,70451.64835,68540.65934,1910.989011,2633235.165,2518862.182,7.9,100.5451667,99.19536,101.3832,1,6385473.145,6546335.632,6271044.276,275291.3553,3290272.349,1436926.498,8.1956,100.9816667,99.2135,100.9359,1,3025060.53,496940.1175,448071.8233,48868.29418,580602.8236,625033.7349,25.2179,99.71579333,,99.51726,0,3003981.928,3595169.277,3564129.517,31039.75904,1330914.458,974934.8602,4.9399,99.92449,101.2185,100.6641667,0,1034881.167,560049.6923,513926.7179,46122.97436,1439194.744,3244090.025,5.2758,102.0245333,,100.3285167,1,0,5128244.625,,101.2847,,,
12/30/10,32022026.14,69353625.82,60746366.85,8607258.97,33698052.26,16493579.91,9.16,100.9641,98.19438333,99.91955333,0,14366481.72,3319973.15,2919283.53,400689.62,5556181.56,2605908.994,9.1,100.8302333,99.23991,101.1132667,0,12702276.72,10297360.38,10208064.54,89295.8336,7154987.264,2901998.127,6.182971951,102.1478333,102.6350667,101.7570333,1,6060945.104,3754214.258,3753566.87,647.3872383,2014418.603,1954360.94,5.2667,101.1955333,99.32417,100.7966333,0,3534705,8290775,8143480,147295,4622640,2336966.176,8.6,100.8485,98.68253667,101.4545,0,3421411,2071700,1947576,124124,1349502,1624619.608,20.1,99.93867,98.17197333,100.1657667,0,3037434,3639274,2998996,640278,296482,3622077.519,6.4,102.1109333,101.7245,102.7062333,0,721128.6364,392152.2727,385349.0909,6803.181818,836835.2273,893697.0106,9.3,100.1989333,99.60247333,,0,3931481.319,72569.23077,71567.03297,1002.197802,2818968.132,2520457.243,7.7,100.8485667,98.57687333,101.0585,0,3041725.138,6874218.283,6529757.526,344460.7566,3125324.191,1452984.226,7.1408,101.2053333,99.41083333,100.9850667,0,5318182.882,641580.5884,590600.1178,50980.47059,704562.1764,631720.3241,23.7549,99.86055333,,99.91474667,1,5399616.33,4917603.681,4876368.741,41234.93976,1555147.59,984864.2924,4.846,100.07075,101.0754333,100.6703667,1,254204.7179,533583.3205,475278.5513,58304.76923,1843845.218,3284867.589,5.7107,102.3898667,,101.9261333,0,0,5247274.98,,101.4013333,,,
3/30/11,36348061.06,64815756.24,59800024.12,5015732.121,35778081.85,16453922.54,9.5024,101.3047333,98.43764667,100.3028667,0,16516864.99,3605629.7,3321835,283794.7,5668460.95,2632839.911,9.2,101.4524667,98.91031333,101.4627333,0,5619425.357,11413796.32,11341139.15,72657.16397,6031286.01,2933326.229,6.068490035,102.0439333,102.5302,101.7680333,0,9458037.437,3901172.33,3890823.802,10348.52766,1982915.898,1969510.985,5.1203,102.1469,99.41713667,100.4093667,0,3777634,4862976,4725790,137186,5445890,2344933.186,8.6,101.0918667,98.59269,101.7695333,0,4791788,2875128,2726761,148367,1891131,1622085.607,21.1,100.0713267,98.10796667,100.1617667,0,2042172,2486240,2316849,169391,259160,3691800.204,6.6,102.5746667,101.8570333,102.7707333,0,995037.2727,294300.4545,275660.2273,18640.22727,748082.0455,905242.4673,10.1,100.3863333,99.53063333,,0,4637018.681,124843.956,122715.3846,2128.571429,1970128.571,2536323.014,7.7,101.3405,97.96105333,100.6139333,0,2680579.388,6060824.875,5781025.961,279798.9145,3203041.303,1463959.299,8.1543,101.0789333,99.85163333,101.0072,0,4053076.802,666270.9226,622091.3865,44179.53616,867082.844,637724.5467,24.7105,100.2663333,,100.1940333,0,2275267.469,3791042.168,3757610.24,33431.92771,1551039.759,982228.7977,5.4131,100.6207,100.4681,100.5532667,0,315046.0128,384460.9231,309750.8974,74710.02564,1655701.949,3307558.591,5.9146,102.0698667,,103.1633333,0,0,5343334.455,,101.0791667,,,
6/30/11,61751645.35,76617431.17,69441281.77,7176149.394,45075490.34,16571563.7,8.9104,100.6596,98.09344,99.98623333,1,43528903.16,4263006.02,3929945.63,333060.39,6636450.14,2633910.743,8.4,101.2696667,98.72241667,101.1554667,1,3048651.695,10183083.86,10094996.75,88087.11435,6875479.073,2969669.874,5.952073982,101.7492,102.2156,101.3640667,0,17508647.94,3466990.851,3452295.084,14695.76766,2199993.992,1979172.587,5.2124,101.4597,99.31387,100.2833667,1,5062148,4371347,4263236,108111,6948016,2347739.432,7.8,100.7726,98.24975,101.5080333,1,7020540,1964638,1846591,118047,1961047,1616945.377,20.7,99.77473667,98.30189667,100.04152,1,2971454,3106374,2832508,273866,420005,3695306.097,5.8,102.3417667,101.5165,102.0300333,1,1781844.318,330325,324557.9545,5767.045455,935428.8636,917001.4944,9.5,100.2755,99.16965667,,1,5585946.154,126651.6484,124572.5275,2079.120879,2583319.78,2538845.7,7.8,101.1663,98.03166667,99.91893333,1,6131646.586,6915358.553,6541696.658,373661.8947,3345653.362,1466811.187,7.557,101.0368667,99.68376667,100.4335667,1,3135090.182,621384.1367,558682.6591,62701.47765,994732.714,641391.1548,25.4296,100.1259633,,99.93945,0,2581463.855,3511209.639,3471151.807,40057.83133,1417551.205,993741.0709,4.9291,99.88864,100.05147,100.0916967,0,743787.2051,428162.3718,375097.0513,53065.32051,1494954.436,3352397.587,5.6874,102.0937667,,103.5314333,0,0,5408077.827,,100.6862,,,
9/30/11,73625745.68,68702091.9,62264542.01,6437549.896,48518110.65,16566960.34,9.0584,99.93209333,96.97476667,99.25786333,1,26696926.61,3168972.97,2878953.94,290019.03,6758490.61,2641471.616,8.3,100.4456333,98.33828667,100.6658,1,6775387.494,9870293.331,9776592.607,93700.72432,6501628.628,2969077.761,5.665116843,100.8425667,102.2206667,100.6719333,0,9719406.032,3916211.939,3915445.167,766.7722638,2205933.06,2017277.764,5.5178,100.9483333,99.46881,100.0331233,0,3716214,4628780,4466179,162601,6326585,2336699.147,7.6,100.1174133,97.92941667,100.7773667,1,8766407,2301500,2189375,112125,2247206,1606466.29,21.3,99.41515,98.13966333,99.82231667,1,2315664,3305832,3150548,155284,249020,3727246.008,5.7,101.5020333,100.9095667,100.7881333,0,2662101.818,481036.5909,437936.3636,43100.22727,926417.5,929150.4459,9.3,99.79598,99.33001667,,1,6148336.264,85678.02198,84164.83516,1513.186813,2676793.407,2546719.195,8.5,100.4247333,97.64645,98.95273667,1,6188378.447,6943185.013,6626907.664,316277.3487,3411920.691,1487047.894,7.4179,101.2070333,98.97376667,99.8072,1,3088659.547,721784.1339,675920.2974,45863.83646,956485.5596,643304.0791,24.8188,99.57383,,99.71762333,0,3100076.384,3985541.566,3932659.639,52881.92771,1379672.139,1007160.475,5.0198,99.52791,99.33441667,99.54655667,0,831770.9615,716263.9231,641598.2051,74665.71795,1920047.59,3400279.035,5.2751,101.7109333,,103.2510667,1,0,5407869.405,,100.11546,,,
12/30/11,28879615.04,70718978.44,64301523.71,6417454.736,38005281.74,16759018.62,8.3286,99.75572667,97.46579,99.29951667,0,15875124.3,3923498.51,3533411.78,390086.73,5369659.71,2647866.582,9.3,99.83534333,97.85951333,100.1932,0,14454513.43,11956269.28,11822105.62,134163.6596,7302935.282,2978658.66,5.71749053,100.5916333,102.2176,100.4707667,1,6048267.935,3864730.301,3807804.959,56925.34219,2466129.024,2031585.661,4.8319,101.2439333,99.36838667,99.92078333,0,3518698,7985849,7820625,165224,4643605,2316055.552,9.5,99.66975333,97.73546,99.95643667,0,3012619,2172318,2045048,127270,1495682,1596047.393,22.6,99.14922667,98.10253667,99.61953333,0,2848698,4040185,3261168,779017,259463,3717118.401,5.3,101.0309667,100.4967,100.0178167,0,535430.9091,428011.5909,369453.8636,58557.72727,919537.9545,936707.1448,9.8,99.74664333,99.07808667,,0,4808016.484,93041.75824,91752.74725,1289.010989,2668367.033,2551453.473,8.2,99.69688333,97.26904,98.14848333,0,3039929.941,6413706.197,6184869.842,228836.3553,3278046.895,1498758.594,6.9237,101.0404667,98.6111,99.56578333,0,6476983.632,646067.1521,568237.6883,77829.46378,1003754.37,648207.377,23.6021,99.57937,,99.96817667,1,5267686.746,4852851.807,4803994.578,48857.22892,1433991.566,1018667.6,4.9636,99.68868333,99.67361,99.34602667,1,376419.6026,662473.0769,570936.7179,91536.35897,1654900.564,3443701.216,5.3643,101.0421333,,102.9469333,0,0,5495956.182,,99.99044,,,
3/30/12,41612031.94,71568615.7,66080986.78,5487628.918,49006631.13,16890240.53,8.6325,100.05557,98.63807333,99.82849,0,16638836.94,4107992.68,3707854.29,400138.39,6399737.66,2650979,9.6,99.68791667,98.39320667,99.91485667,0,5772591.792,11200180,11094904.36,105275.6435,6361612.252,2978087.323,7.7453,100.6952333,102.5953333,100.7107,0,9824480.879,4165240.732,4148853.778,16386.95437,2621693.271,2044373.77,4.8833,101.9426,99.81474333,100.1356667,0,3635123,5360251,5160567,199684,5410520,2289949.5,10.9,99.46429333,97.92959333,99.27192,0,4820861,3121249,2957184,164065,2229323,1581090.167,24.2,99.22612333,97.67316333,99.19952333,0,2470708,3213775,2972183,241592,360234,3724519.278,5.8,101.0594667,100.7295,99.90266,0,1246803.409,490154.7727,476890.2273,13264.54545,923932.9545,938093.1639,10.5,99.83368,99.01758333,,0,4780453.846,47705.49451,44709.89011,2995.604396,2495403.297,2567873.555,8.2,100.2531333,97.56016333,97.88121667,0,3096426.322,7091079.763,6574384.941,516694.8224,3616570.059,1499719.108,7.8649,100.9181333,98.82896667,99.55645667,0,3653870.323,731808.7784,684081.1504,47727.62796,1256871.576,650800.7493,24.8998,100.1553367,,100.2084667,0,2483061.692,3630595.669,3596190.807,34404.86145,1569851.146,1028208.4,5.6019,99.88384333,99.62508333,99.42223333,0,515274.6923,684206.2436,573583.4872,110622.7564,1707343.179,3488548.471,5.5477,100.6247333,,102.3231333,0,0,5571840.237,,99.95785667,,,
6/30/12,65244717.52,76744873.6,68846103.34,7898770.26,45640263.21,16962902.6,8.0305,99.88573333,98.73517,99.82144,1,50297324.51,4318964.27,3907094.05,411870.22,6611122.73,2645784.966,9,99.48893,99.13604,99.67211333,1,3374281.035,9938163.353,9880858.627,57304.72601,7162165.609,3000170.648,7.3732,100.5814667,103.0841,100.7145667,0,18969917.17,4007755.753,3976632.931,31122.82179,2568150.833,2061448.531,4.77,101.6925,100.1511333,100.0605467,1,4992824,4873104,4698805,174299,7068114,2272235.104,10.5,98.98458333,97.35215667,98.60651333,1,6601841,2101976,1972107,129869,1983817,1565892.18,24.4,99.03383333,96.83899,98.45651,1,3265322,3138276,2845793,292483,461040,3730751.695,5.3,100.3871667,100.6241,99.52956,1,1871406.364,713649.5455,637977.5,75672.04545,1221090.909,936043.0816,9.9,99.58594333,98.94684667,,1,6434127.473,44172.52747,41604.3956,2568.131868,3321381.319,2565848.619,7.8,100.00768,97.46509333,98.03047667,1,7150970.921,6575307.829,6105437.164,469870.6645,3563609.171,1504610.648,7.2641,100.6180667,99.00383333,99.43360333,1,2551209.963,544413.0693,484702.2316,59710.83771,1115201.189,656643.011,24.6334,100.12777,,100.1566,0,2421348.175,4181991.554,4120490.349,61501.20482,1159122.289,1035947.592,5.0682,100.1793,99.45038667,99.72976333,0,938575.5128,676983.6795,575082.8462,101900.8333,1638717.115,3504967.242,5.2207,99.94201667,,101.0724,0,0,5636354.66,,99.47024333,,,
9/30/12,62892275.65,71886293.96,66269374.1,5616919.853,49849954.5,16985793.73,8.1048,99.47564333,98.72696667,99.63445,1,23257410.74,3602674.18,3247780.47,354893.71,6449712.23,2650633.732,8.9,99.22180667,98.57928667,99.34547333,1,6947778.803,10813985.91,10726228.89,87757.02249,7009247.832,3046407.381,6.9337,100.8101333,102.688,100.6755333,0,10361952.92,4464330.601,4440939.329,23391.27213,2396364.286,2074095.833,5.0737,101.0669667,100.164,99.42472667,0,3696299,4209865,4061573,148292,6545260,2259787.092,9.8,98.78578,97.37262,98.19150333,1,8330985,2228920,2107865,121055,2299402,1557910.98,24.8,98.7094,95.95164667,97.73078333,1,2754925,3631751,3296466,335285,380164,3741657.796,5.3,99.49467333,100.05423,98.90422,0,2540747.045,595597.9545,528915,66682.95455,1464082.727,940060.5424,9.9,99.12031667,98.85450333,,1,7228869.231,117869.2308,93661.53846,24207.69231,3728293.407,2597037.161,8,99.94312,97.75055667,98.57809,1,5216666.855,6362856.539,6201443.421,161413.1184,3420412.013,1506660.185,7.2901,99.75103333,99.0752,99.26256,1,3344104.55,726446.5035,576600.1383,149846.3652,1148332.605,658606.73,25.0241,100.0043367,,100.1355,0,2614698.795,4413015.06,4365800.602,47214.45783,1539385.542,1041970.109,5.1084,100.4532667,99.64323667,100.0138667,0,999258.0897,831335.1795,751037.859,80297.32051,1804135.256,3522928.966,5.022,100.2317167,,100.0702967,1,0,5737471.934,,99.31008667,,,
12/30/12,34869831.41,74863057.7,67326487.26,7536570.433,42987491.61,17005136.01,7.5143,99.40576667,99.04982,99.78052,0,14907241.44,4086633.07,3634046.31,452586.76,5296290.33,2648682.216,10.1,99.08811,98.01220333,99.06829,0,15110694.19,12961024.03,12871369.4,89654.6257,7885619.778,3054522.708,6.6985,101.19,102.5071333,100.6442667,1,5521521.202,4314641.597,4285784.472,28857.12468,2354082.822,2091734.875,4.8191,101.5860333,100.3806,99.44717,0,3010596,8110830,7880460,230370,4673897,2241704.379,11.6,98.8793,97.01670667,98.09312333,0,3169318,1721025,1571408,149617,1645969,1546029.465,25.8,98.93104333,95.89520333,97.47462333,0,2747124,4144248,3280006,864242,275644,3726077.498,5.1,99.42498667,99.90822,98.83705,0,844758.6364,450845.4545,363224.5455,87620.90909,1305050.227,936588.1972,10.1,98.82646,98.68127667,,0,5041118.681,363012.0879,303794.5055,59217.58242,3220941.758,2593043.851,7.6,100.1263,97.97321667,99.20077,0,2690274.605,5909657.52,5781901.289,127756.2303,3955912.112,1509775.679,6.7597,99.0901,99.27623333,99.26646667,0,6763703.53,744812.4268,687020.7715,57791.65524,1351611.944,661473.742,24.349,99.97494,,100.2335333,1,4725027.711,5193311.446,5148677.711,44633.73494,1660269.278,1047748.122,5.1184,99.90269,99.95343667,100.0173767,1,651991.0385,975844.2051,853514.8077,122329.3974,1734402.821,3525231.254,5.0619,99.89457333,,99.61805,0,0,5805575.592,,99.29410333,,,
3/30/13,36177307.23,78486647.32,72848765.7,5637881.628,44979009.65,17155746.26,8.0802,99.85307,98.79625333,100.0910967,0,17049751.7,4819196.46,4361843.13,457353.33,6325105.75,2648061.734,10.5,99.21602333,97.92769333,98.86213667,0,5105985.573,9889388.787,9824984.251,64404.53595,7083647.317,3051500.682,7.8055,101.2433,102.2064,100.3242333,0,9616449.434,3981987.881,3931238.144,50749.73747,2698211.35,2097572.018,4.8751,102.5029333,100.4926667,99.98864333,0,3560952,4544024,4342439,201585,4467133,2222726.875,12.7,99.01482667,97.08213,98.28462333,0,5245133,2812867,2644739,168128,2268701,1541087.863,26.9,99.18245,96.46740333,97.70745667,0,2508801,3645106,3291369,353737,317436,3708549.425,5.8,99.85190667,100.3067,99.29467667,0,1339155.227,540077.9545,514727.9545,25350,1250562.045,938609.8197,11.3,98.89168,98.83815667,,0,4693090.11,95115.38462,97896.7033,-2781.318681,2871223.077,2609758.058,7.8,99.96073333,98.07856,99.75529,0,2796945.809,6797410.928,6496001.763,301409.1645,3434230.816,1523318.44,7.5438,99.15243333,99.26226667,99.41091667,0,4124802.986,797318.7021,749920.9533,47397.74874,1360018.826,664212.5379,24.8735,100.1172,,100.3435667,0,2134788.555,3287400.602,3248170.482,39230.12048,1599568.951,1050615.252,5.9559,99.83993667,100.4230667,99.89613333,0,559714.1667,609883.3333,511785.2821,98098.05128,1099763.692,3551336.209,5.0968,99.76387333,,99.35518667,0,0,5898405.297,,98.67640667,,,
6/30/13,66145197.6,78602411.66,70964466.8,7637944.866,50789315.61,17176915.85,7.3924,99.66254667,99.43285333,100.4098333,1,56521308.58,3848262.33,3437431.37,410830.96,7582374.51,2665940.62,9.7,99.17666333,97.64640333,98.76387333,1,3553680.978,11883844.8,11758873.47,124971.3378,8535735.665,3122746.526,7.2749,101.0784667,101.9377,99.83218,0,15617201.42,4276825.056,4233116.699,43708.35745,3024209.817,2084153.154,4.9757,101.6992667,99.9728,99.62542,1,5042681,4453739,4232172,221567,6384648,2222854.702,12,99.12733,97.88457,98.69078667,1,7002860,2206253,2044031,162222,1992750,1539739.606,26.1,99.26329667,96.95964667,98.19106,1,3424398,3385326,3127834,257492,440918,3747500.761,5.2,99.86645333,100.5041667,99.7313,1,1769317.955,541998.4091,451697.2727,90301.13636,1624273.864,948661.2557,10.5,99.06675667,99.06232333,,1,7339251.648,96167.03297,84478.02198,11689.01099,3324926.374,2623745.955,7.6,99.94144,98.52361,100.4335333,1,7460742.507,7172364.934,6774991.375,397373.5592,3186735.467,1532159.128,7.0901,99.55111333,99.26536667,99.54097,1,2956099.519,542241.3195,488894.2024,53347.11714,1365725.294,671254.3382,25.1261,100.2068667,,100.4052333,0,2206161.813,4284953.439,4225893.662,59059.77711,1508642.421,1055368.923,5.5707,99.98522333,100.1280333,99.77375,0,1159313.218,754790.8846,666887.7051,87903.17949,1028768.231,3563434.53,4.8184,99.65654667,,99.19672667,0,0,5981228.786,,98.40939667,,,
9/30/13,65313710.09,80252191.16,74428154.94,5824036.216,52715313.57,17311482.41,7.3458,100.3163,99.31118,100.5736,1,21625108.2,3120290.99,2745165.33,375125.66,6903696.79,2666365.951,9.4,99.63763333,98.30232,99.05391667,1,7489318.528,11869298.62,11773569.3,95729.31897,8415677.02,3134118.589,6.7927,100.6496667,101.8424667,99.45272333,0,9461900.395,5017092.643,4943199.628,73893.01511,2655996.885,2104262.112,5.2,100.7031,99.95025333,99.61587333,0,4147554,5026179,4818686,207493,5789697,2226931.099,11.3,99.72526667,98.22116333,99.23828,1,9120066,2097128,1959244,137884,2146158,1538896.945,25.7,99.50144333,97.93974333,98.85780667,1,3145560,4064361,3842861,221500,360142,3767755.205,5.1,100.3515667,100.6753,100.2730333,0,2961398.182,522834.3182,461082.0455,61752.27273,1644438.182,956298.7125,9.8,99.34445667,99.32137,,1,7874460.44,132094.5055,117238.4615,14856.04396,3878269.231,2648559.907,7.8,100.8588333,99.63780333,101.1782,1,4928870.658,6385449.072,6169133.059,216316.0132,4045644.243,1544645.818,7.1356,99.11978,99.79183333,99.85523333,1,3889832.163,846619.1208,725071.1535,121547.9673,1303832.257,674335.9736,24.3151,99.99647333,,100.381,0,2708966.361,4241866.711,4154368.151,87498.56024,1721186.722,1063787.578,5.5533,100.1914667,100.4443333,99.84726333,0,1096536.295,843923.6026,718433.0256,125490.5769,1289928.833,3564877.281,4.6454,100.0356433,,99.50538,1,0,6076989.987,,98.65798,,,
12/30/13,36529794.82,81680212.33,74568035.2,7112177.126,43932316.12,17449671.13,6.6818,100.4637333,98.89926,100.5904,0,15316496.87,4821452.79,4304814.93,516637.86,6574132.44,2679811.394,10.1,99.98718,98.45422,99.39446,0,16722212.26,13740945.69,13652058.41,88887.28117,8884600.707,3134193.695,6.039,100.4673,101.7919333,99.21291667,1,5467363.2,5286251.889,5216688.385,69563.50438,2582187.275,2116713.506,4.606,99.91019333,99.06473667,99.99363667,0,3081917,8646088,8405177,240911,4381418,2222491.802,12.7,100.2931,98.12300667,99.71985,0,3036288,2009410,1805840,203570,1730402,1541461.041,25.7,99.72767333,98.37476333,99.57288333,0,2839460,4571636,3385132,1186504,305487,3780609.235,5,100.9411,101.0148,100.7045,0,1053149.773,516772.7273,431342.9545,85429.77273,1283453.182,957706.1373,9.8,99.65018,99.57017333,,0,5649259.341,132536.2637,53749.45055,78786.81319,3910674.725,2662621.335,7,101.6508667,99.86495333,101.6844,0,2859917.73,6641630.401,6408362.039,233268.3618,3971206.842,1560873.242,6.5299,99.69805333,99.75616667,100.1032333,0,7272967.585,775852.7066,621893.5191,153959.1875,1228180.639,683020.7968,23.9494,99.90477667,,100.2641,1,5271156.427,5203647.5,5122049.536,81597.96386,1772422.958,1072484.196,5.5691,100.5249667,100.6223,100.0905333,1,620765.2949,777697.3718,659506.1667,118191.2051,1193149.859,3585485.665,4.8249,100.1474333,,100.0023867,0,18124888.81,6210718.74,,99.05355667,,,
3/30/14,37313644.16,78139899.57,71641681.53,6498218.035,50093317.69,17400340.01,6.9425,100.2636333,99.36213333,100.6312333,0,18012894.79,4265401.56,3807752.79,457648.77,5766263.92,2681898.014,10.7,100.1442667,98.5494,99.44519,0,5524635.937,12041011.04,11955749.64,85261.40218,8120405.341,3149128.924,6.9857,100.2383333,101.3282,98.84784667,0,7370327.535,5812357.018,5650590.522,161766.4966,2595298.087,2131569.274,4.7789,100.1984,98.62019333,99.88922333,0,3662935,4242799,4023838,218961,4893585,2225008.812,13.6,100.4895667,98.54797667,100.0726367,0,5740009,2944707,2756711,187996,2500690,1547124.924,25.9,99.98719333,99.04662333,100.1835,0,3238502,3555375,3241619,313756,302943,3817223.344,5.4,101.017,101.3350667,100.7491,0,1409272.727,459684.3182,411164.7727,48519.54545,1679095.909,967873.8452,10.6,99.9602,99.82400333,,0,5647660.44,105437.3626,78526.37363,26910.98901,2673237.363,2680167.011,6.7,101.4470333,100.5144333,101.9551667,0,2994497.895,6547809.895,6293138.842,254671.0526,3915588.342,1563424.454,7.4212,100.1018667,99.6967,100.1714,0,4042147.73,821665.9767,779572.1743,42093.80243,1616913.086,680356.4683,24.9946,99.76495667,,100.2131333,0,1755682.095,3843565.217,3795285.742,48279.4759,1450071.458,1079924.836,6.4743,99.98564,99.96239,99.89348667,0,621974.2308,686171.2821,585639.4872,100531.7949,1132350.205,3585310.512,,99.98589333,,100.4936333,0,21331695.71,6282639.773,,99.01212667,,,
6/30/14,77909490.15,89835836.45,80108939.07,9726897.377,56660776.91,17635885.16,6.0757,100.4888333,99.46140667,100.7834333,1,56941922.13,4960805.87,4583307.79,377498.08,6830508.02,2684845.304,9.9,99.90670333,98.47728333,99.27036667,1,3577695.272,12108091.3,12015202.01,92889.29574,8596649.091,3110383.459,6.6859,99.35510333,100.8984667,98.55433333,0,18386668.07,5103154.634,5042931.76,60222.87362,3038246.53,2157515.213,4.8707,100.3155333,98.99567333,99.64653,1,5558018,4302025,4013888,288137,5803585,2224873.943,12.2,100.5110667,99.61835333,100.2289667,1,6994960,2278742,2122912,155830,2220274,1554293.559,24.5,100.1057,99.62956667,100.6068333,1,4014159,3776298,3498600,277698,500278,3816054.833,4.9,100.9464,101.4901,100.4159,1,2166175.682,554283.8636,459990.6818,94293.18182,1828733.636,978753.5359,9.1,100.0482667,100.0889667,,1,7866698.901,90536.26374,69395.6044,21140.65934,4034865.934,2697740.968,6.2,101.7291,101.0034333,101.9566667,1,7369564.901,7224526.092,6976735.303,247790.7895,3987673.954,1577703.665,7.062,100.02842,99.95093333,100.3005667,1,3534069.656,678843.3767,632611.0769,46232.29979,1805619.699,682017.9278,25.2891,99.83175667,,100.3563333,0,2145459.643,4282167.157,4218459.849,63707.30723,1352875.596,1085787.782,5.8507,99.7055,99.42231,99.63714,0,1222611.154,937556.2436,803306.9103,134249.3333,1386355.038,3602643.777,,100.2829333,,101.0368667,0,16941446.67,6426398.356,,99.21254333,,,
9/30/14,58685477.09,87198825.8,80725036.32,6473789.481,53143503.59,17851207.37,6.1835,100.7268333,99.56174333,100.8644667,1,26188324.16,4628113.53,4054228.76,573884.77,7080478.43,2697390.047,9.9,99.74412333,98.44619333,99.17191333,1,7568023.59,11762114.82,11655079.87,107034.953,7887780.988,3116348.546,6.6216,98.62487667,100.7029,98.49594667,0,8466832.564,5498381.846,5437022.351,61359.49532,2959384.877,2164984.509,5.2185,100.0162467,99.04007333,99.85330333,0,4643150,4647126,4442769,204357,5823370,2228025.757,11.8,100.2540333,99.19015,99.98523333,1,9280410,1976840,1828543,148297,2040043,1565795.876,23.7,100.3534,99.84869333,100.9621,1,3690436,4295984,3858088,437896,298805,3834751.52,4.8,100.7131,101.3094,99.94800333,0,2989697.045,439464.0909,411015,28449.09091,1659956.591,986895.9726,8.2,100.0645333,99.92188667,,1,9288415.385,148070.3297,111574.7253,36495.6044,4206849.451,2713278.676,6.1,101.6092667,101.0335,101.6671333,1,5787524.007,7410975.579,7130752.704,280222.875,4200875.822,1592834.652,7.0234,100.4537667,99.86073333,100.3767333,1,3365286.017,737809.489,641776.8498,96032.63917,1440884.601,686365.6143,25.2226,100.0751267,,100.6605667,0,2708782.293,4121087.958,4049566.717,71521.24096,1456633.373,1090984.133,6.0264,100.5223333,99.39439333,99.85953333,0,1305782.026,901156.9615,804404.3077,96752.65385,1354817.705,3591203.409,,101.4907,,100.9136,1,18347862.18,6543755.685,,99.24670667,,,
12/30/14,36617859.33,80554039.39,75793543.39,4760496.009,44897284.52,17951672.85,5.4739,100.6531667,100.3763333,100.8213333,0,17167701.22,5454343.48,4956323.73,498019.75,5731192.06,2701102.931,10.8,100.0187767,98.64620333,99.38512667,0,18638538.18,15608836.52,15492004.85,116831.6651,9549988.136,3129553.156,6.3552,98.73991,100.0057867,98.13033333,1,5806762.208,5703322.936,5624532.308,78790.62809,3079495.503,2188630.49,4.3688,100.1330667,99.41504667,100.0831,0,2902988,9185379,8927832,257547,4157133,2223369.262,13.3,100.2004,98.82143,99.82699667,0,3327671,1986525,1854420,132105,1725461,1579236.313,23.7,100.4340667,99.86069333,101.388,0,3564286,4841253,3772102,1069151,284736,3867859.839,4.8,100.5239667,101.1469,99.69125333,0,1064466.364,591421.1364,513322.7273,78098.40909,1498982.273,992897.1095,8.1,100.1323,100.2168667,,0,5124871.429,254917.5824,151697.8022,103219.7802,3402017.582,2728454.385,5.5,101.4915667,100.9249,101.3635333,0,2488120,6711775.836,6479851.033,231924.8026,3495423.092,1603856.681,6.1508,100.8144,99.78286667,100.1796667,0,7399191.313,1029739.894,878903.525,150836.3692,1754349.471,693819.7155,24.0543,100.4403667,,100.7513,1,5230201.469,5763831.524,5709645.084,54186.43976,1742557.096,1095094.373,5.9578,100.4921333,99.31781333,100.3474333,1,712680.8333,973938.2051,888357.7179,85580.48718,1459966.192,3582616.098,,101.1413,,99.86612667,0,17482061.32,6644281.218,,99.32577667,,,
3/30/15,37538530.5,86444117.36,79182735.89,7261381.472,62534714.44,18092561.18,5.8208,100.0184767,100.9828667,100.5982667,0,19894397.86,5730904.75,5205935.93,524968.82,7192752.02,2714843.603,10.8,100.1080667,99.26618667,99.68209667,0,7135589.931,12634483.2,12544217.99,90265.21381,8528747.921,3093168.395,7.7724,98.28982667,98.72987667,97.26508333,0,8431818.54,6555226.01,6457222.91,98003.1,3223190.342,2201019.678,4.2055,100.3318667,99.47063667,100.4773,0,3839389,4306376,4059607,246769,4824934,2228007.883,13,100.3835,99.58494333,100.04663,0,6238227,3097669,2916013,181656,2332633,1597359.536,23.8,100.6796,100.7399333,101.7452333,0,3602392,3725993,3371293,354700,334071,3860069.922,5,100.6138667,101.2982,99.75885,0,1502756.136,674685.9091,622352.0455,52333.86364,1634820,1004974.06,8.6,100.1870333,100.3275333,,0,6314729.67,92163.73626,56209.89011,35953.84615,3208480.22,2742826.907,5.5,101.3709333,101.3297,101.2111,0,2912029.987,7384228.862,7137582.862,246646,3891219.704,1595043.177,7.1908,100.6823333,99.89186667,99.79325,0,4520863.813,986441.6793,851219.8695,135221.8099,1632860.842,696770.1199,26.1505,100.3602333,,100.5586,0,1764012.643,4339829.697,4292473.643,47356.05361,1459661.98,1104382.947,6.6462,100.5078333,99.57611333,100.6587333,0,685585.3462,839271.2051,776922.3205,62348.88462,1293131.833,3545958.622,,100.7065667,,99.13835,0,18134377.04,6756466.183,,99.10848,,,
6/30/15,76442854.81,98251173.06,87343367.57,10907805.49,60180206.28,18226692.12,5.285,99.85645333,100.8174333,100.2637,1,61574521.44,4966542.03,4334608.89,631933.14,7972648.39,2713277.387,10.1,100.1606,99.42015667,99.81183,1,4142225.471,13862300.57,13745447.91,116852.666,9302465.419,3026888.371,8.1776,97.11594,98.26741,96.53156333,0,19073904.81,6051484.721,5995674.214,55810.50681,3750268.677,2226414.204,4.3253,100.4822667,99.29285333,100.5164,1,6163355,5462527,5156875,305652,6077947,2236895.683,12.1,100.6341667,99.75692667,100.2765667,1,7688178,2366828,2207140,159688,2186279,1614495.642,22.4,101.1049333,101.0811,101.7497667,1,4635193,4093023,3766329,326694,429648,3884219.659,4.7,100.6963,101.3862,99.93682333,1,2469526.818,510584.5455,415684.0909,94900.45455,1872367.5,1011877.885,7.4,100.114,100.4454333,,1,7297040.659,99100,75749.45055,23350.54945,3777380.22,2762386.206,5.5,100.9685333,101.4421333,101.0863667,1,7981103.428,7875468.178,7576913.105,298555.0724,3890893.336,1590701.915,6.8848,99.98812,99.7042,99.48987667,1,3486752.303,807181.5815,744939.7251,62241.85645,1927278.176,692651.2043,24.8492,99.97378667,,100.3930333,0,2656203.546,4501616.083,4378155.914,123460.1681,1719014.586,1105849.971,5.9369,100.4808667,99.62308333,100.3781333,0,1621985.308,1132607.115,1018618.231,113988.8846,2065965.705,3522072.657,,100.814,,99.03123667,0,21168238.15,6901586.453,,98.95209,,,
9/30/15,67860768.44,87748003.86,80674491.75,7073512.113,58703726.21,18286959.89,5.2049,99.54863333,100.5054333,99.80159333,1,26893548.65,5056754.41,4518190.19,538564.22,5883390.74,2722444.507,10,100.295,99.51476333,100.0072233,1,8087253.777,13828365.49,13700003.62,128361.8731,8513500.308,2983098.63,8.7547,96.85079,97.57205667,96.30382333,0,9275253.56,6502206.406,6451656.634,50549.77234,3534621.249,2253097.757,4.5802,100.2999,99.09225,100.0377933,0,4112077,5047150,4789452,257698,6320827,2242012.574,10.6,100.6307,100.08116,100.4569667,1,10545311,1732562,1596771,135791,2102561,1629188.032,21.2,101.1201,101.0282,101.5766,1,3490000,3865475,3471679,393796,377681,3901747.629,4.4,100.7116333,101.2338,99.97093667,0,3511020,561663.8636,533869.7727,27794.09091,1887464.545,1023478.802,7.1,100.1513,100.1382667,,1,9832783.516,139551.6484,97029.67033,42521.97802,4187716.484,2774264.323,5.5,100.6795,101.5091667,100.8612333,1,5126184.566,7258007.928,7065987.52,192020.4079,4309888.204,1596328.256,7.0134,99.54915667,99.3541,99.18235667,1,3957541.244,877825.3909,736715.059,141110.3319,1769322.415,692581.7346,25.2909,99.62109,,100.1941667,0,2695889.058,4780792.854,4586442.125,194350.7283,1835480.573,1117766.319,6.0899,100.6104667,99.44354667,100.01048,0,1784217.346,1344915.026,1261603.282,83311.74359,2373601.308,3528887.419,,101.0116333,,98.59520667,1,19122634.12,7029003.62,,98.92312,,,
12/30/15,35785633.46,87452627.71,81912200.54,5540427.177,50032043.78,18292907.81,4.8131,99.04776333,100.4681333,99.36535333,0,18961815.44,5686163.59,5133193.11,552970.48,5260180.07,2725446.839,10.6,100.4011333,99.85135333,100.2374,0,18567708.36,18094866.75,17962375.61,132491.1329,10939345.85,2958035.111,8.9952,97.18267667,97.11641667,96.40536333,1,5430509.406,6705484.322,6644978.514,60505.80809,4216879.826,2248218.328,4.1395,100.6723333,99.27322,100.0375967,0,3196135,8113725,7723778,389947,4132283,2252982.987,12,100.6644,101.0593,100.716,0,3415330,1994770,1832485,162285,1534559,1644975.881,20.9,101.0526667,101.5699,101.4468333,0,4107273,5860181,4388628,1471553,316440,3918886.095,4.5,100.6358,100.9623333,99.77363,0,1051211.136,688425,576995.6818,111429.3182,1744480.909,1036039.813,6.9,100.2067,100.4594,,0,5353406.593,175330.7692,115296.7033,60034.06593,3679354.945,2795000.121,4.9,100.3268667,101.5245667,100.5538,0,2838170.704,7545300.079,7301837.434,243462.6447,3861756.408,1597523.545,6.5403,99.43709667,99.23473333,98.85021667,0,8368473.771,1072544.214,983963.6174,88580.59645,1684991.461,693295.6066,24.3116,99.42849333,,100.0538833,1,5059290.57,6026594.733,5770952.896,255641.8361,1716675.681,1124195.485,5.5515,100.6043,99.80355333,99.86304333,1,802861.9231,1813759.795,1732975.692,80784.10256,2233155.385,3519835.526,,100.6617333,,98.04686333,0,17564133.36,7171428.956,,98.87067,,,
3/30/16,41691848.68,88171601.84,82349644.88,5821956.952,65364383.61,18384992.79,5.1939,99.26287333,100.5457667,99.10812,0,20798300.68,6003486.98,5431960.42,571526.56,8054560.19,2745062.074,10.7,100.6293,99.62517333,100.2968,0,7155259.829,12908122.43,12790584.47,117537.958,10270672.03,2932042.443,10.9588,97.21258667,97.20581667,96.62882,0,8679850.188,7740801.355,7593646.944,147154.4111,3797189.395,2261500.565,4.0095,100.5027333,99.12349333,100.4512,0,4472365,4559356,4235820,323536,5332069,2260331.983,12.1,100.4712,100.8274,100.6788333,0,7207981,2984026,2772005,212021,2520842,1656123.077,21,100.8619667,101.2530333,101.0661333,0,3770741,4405341,4054571,350770,306664,3950047.154,4.5,100.3952333,100.8105667,99.47928333,0,1857785.682,883410.6818,835064.3182,48346.36364,2031607.273,1033621.212,7,100.2381667,100.7242,,0,6768932.967,164867.033,99041.75824,65825.27473,2989724.176,2799649.556,5,100.3434,101.4984,100.2042333,0,3228512.257,8596756.145,8293645.526,303110.6184,3976718.309,1606285.975,7.6439,99.39613667,98.74396667,98.76476667,0,5138434.146,1087101.952,982091.6263,105010.3258,1861037.728,691594.1247,26.5481,99.33944667,,99.82667667,0,2375989.063,4840919.171,4553598.118,287321.053,1740098.351,1134065.721,6.2191,100.9160667,99.77264333,99.90613333,0,1167998.192,1544341.205,1482248.846,62092.35897,2756365.59,3526527.405,,99.83755333,,98.00010667,0,20055180.64,7377564.202,,98.79149,,,
6/30/16,80425279.22,98998233.99,88386746.65,10611487.34,59513885.45,18471465.98,4.768,99.70362333,100.6024333,99.05115333,1,68014796.62,6164658.17,5621344.35,543313.82,6235908.41,2738236.772,9.6,100.3945333,99.52833,100.114,1,4171202.348,15004059.09,14901729.48,102329.6146,10804101.37,2929782.035,11.399,97.62244667,97.74686,97.43467,0,17916902.53,7827410.665,7750050.173,77360.49149,4531316.344,2270297.79,3.9105,100.6640333,98.82843667,100.6302667,1,6370678,5641732,5348950,292782,6346144,2264753.947,11.6,100.4895667,100.3226,100.4597667,1,8965863,2288743,2059277,229466,2259759,1663069.009,20,100.6946333,100.7309,100.5459667,1,5196608,4479139,3970751,508388,511574,3972638.928,4.2,100.4855,100.8877667,99.43480667,1,3002959.773,562257.0455,504630.4545,57626.59091,2262785.227,1046905.639,6.2,100.1549667,100.8653667,,1,8628459.341,76727.47253,43842.85714,32884.61538,3895648.352,2814508.515,4.8,100.6292667,101.0239333,99.98571,1,8311291.454,8421525.151,8031250.401,390274.75,4734491.342,1598387.679,6.947,99.54307,99.60776667,99.10858333,1,4548909.765,998199.6346,914333.0397,83866.59485,2057474.284,697049.9722,26.383,99.20083333,,99.62056,0,2292230.629,5007785.37,4703829.859,303955.5108,1676376.019,1142093.17,5.612,100.3614333,99.85504,100.1415333,0,2864212.526,1676818.308,1613604.436,63213.87179,2708337.744,3528410.445,,100.7385,,98.67736667,0,18636522.25,7516669.264,,98.65761667,,,
9/30/16,67717950.39,91406474.49,86190811.72,5215662.771,53413666.88,18571635.11,4.9823,99.61553333,100.4069333,99.12627333,1,24807193.53,3775708.61,3313343.82,462364.79,5432389.57,2744356.526,9.6,100.2084,99.61823667,100.0745667,1,9895554.746,14765624.28,14645991.25,119633.0314,11130819.31,2909398.843,11.9075,98.52540333,98.78437333,98.59853333,0,10848006.07,7584275.963,7494755.749,89520.21447,4038423.282,2292307.87,4.0006,100.2695667,98.22285,100.5612667,0,5014144,5386480,5112705,273775,6520697,2276885.641,11,100.4657667,99.99263333,100.223,1,10363076,1783202,1638669,144533,2328177,1677821.589,18.9,100.6623333,100.6342667,100.236,1,4205568,4685403,4182940,502463,349198,3980818.606,4,100.7103667,101.1331333,99.68249667,0,3166188.409,731949.5455,690169.0909,41780.45455,1835570.909,1049008.019,5.9,100.1384,100.9467333,,1,10562773.63,99510.98901,68587.91209,30923.07692,4117564.835,2827195.475,5,100.6474333,100.5007667,100.184,1,5564774.375,8011943.822,7698324.98,313618.8421,4697012.5,1614870.471,7.0628,99.56214,99.8851,99.60277333,1,4527803.533,984449.241,878173.7783,106275.4627,1790999.803,698605.7263,26.9036,99.47968667,,99.58493333,0,2599556.822,4887785.28,4368860.6,518924.6795,1630584.953,1143768.665,5.5662,100.7481667,99.95009333,100.2896333,0,2382039.808,1846330.5,1798909.795,47420.70513,3366401.308,3531987.528,,101.1821333,,99.42807,1,16697184.79,7666098.313,,98.64031667,,,
12/30/16,36213427.76,95478952.06,88576473.28,6902478.779,49269059.65,18664997.63,4.5344,100.0370267,100.7638,99.46242667,0,18716747.72,4867499.81,4310777.29,556722.52,5117162.35,2760253.873,10.3,100.4329667,99.94397667,100.3061333,0,20488912.55,19294001.35,19179064.15,114937.2019,13623529.81,2893226.163,12.1301,98.65459333,98.78315,99.22434,1,6537063.068,9242077.694,9107284.397,134793.2966,3748170.281,2318113.639,3.5184,99.44562,97.42632,100.6129,0,3444186,7345230,7000306,344924,3985023,2283868.487,12.2,100.5048667,99.90296333,100.1889333,0,3698250,1687817,1529540,158277,1738096,1685616.199,18.6,100.9549667,100.9552333,100.2348667,0,3860177,5431691,3870376,1561315,362630,3995230.445,3.8,100.9959667,101.3115333,100.04607,0,956145.4545,584121.3636,511109.3182,73012.04545,1902975.909,1072700.724,5.6,100.2715667,100.9292333,,0,5864780.22,208683.5165,93313.18681,115370.3297,3607061.538,2845561.306,4.6,101.099,100.7042,100.6111,0,2815031.178,7647755.507,7245691.638,402063.8684,4551523.52,1623937.696,6.3499,99.56608667,99.8396,100.11783,0,10140519.03,1347369.418,1208989.805,138379.6129,2088662.891,699123.828,26.3091,99.67685,,99.64636667,1,5168363.912,5667322.304,5396362.775,270959.5289,2202623.09,1155620.67,5.4437,101.6042333,99.84609667,100.2385,1,1140182.064,1678677.064,1633284.346,45392.71795,3071753.615,3560645.584,,101.2217667,,100.0950167,0,19450651.39,7775939.351,,98.9709,,,
3/30/17,36331061.02,84772812.61,79102753.72,5670058.889,52601120.01,18770787.97,4.8781,100.6857,101.2233333,99.80474667,0,21926144.93,6223096.87,5625827.5,597269.37,7079458.66,2783146.654,10,100.6185667,99.97828667,100.5683333,0,6695001.686,13662909.78,13524327.62,138582.1546,10730716.38,2942273.746,13.8389,98.89496333,99.04779,99.48386,0,9226457.724,8877198.187,8769355.051,107843.1366,3932447.506,2330455.284,3.3847,99.37011667,96.64773333,100.5022333,0,4355403.83,5137334.87,4788903.847,348431.0234,5192938.34,2297126.796,12.2,100.7912,99.74575667,100.2649667,0,7520889,3008626,2743418.969,265207.0307,2814082,1698334.356,18.8,101.0323667,100.9444333,100.3029,0,4536928.27,4309829.48,3909066.595,400762.8855,322740.93,4042751.015,4.1,101.2483333,101.1765667,100.4098,0,1794593.659,849228.1182,805566.1763,43661.94189,2223519.195,1083891.284,5.4,100.4464,100.9720667,,0,6521480.22,142997.8022,91468.14087,51529.66133,3470676.923,2861964.42,4.5,101.5883333,100.5227,100.838,0,2849885.301,8734638.358,8417551.937,317086.4208,3486517.212,1642641.369,7.1064,100.0259867,100.3234667,100.5246333,0,5516861.096,1242391.794,1160854.723,81537.07159,1851148.063,698674.1494,27.5228,99.51190333,,99.5565,0,2266494.358,5268479.689,4881998.245,386481.4446,1995205.518,1159079.757,6.2352,101.5313333,99.74802333,100.2617667,0,1532336.337,1503225.659,1451874.725,51350.93405,3480240.355,3570125.742,,100.9194333,,100.4784,0,18417005.58,7872244.283,,98.99961,,,
6/30/17,87005176.45,101638653.3,92339171.18,9299482.091,55335329.79,18871098.47,4.2353,100.6120333,101.0780667,99.90801,1,68778481.76,7185455.12,6691153.29,494301.83,6645394.89,2802731.865,9.1,100.9570667,100.4737667,100.7934333,1,4989964.547,14736697.82,14610709.91,125987.9111,11570563.46,2956357.593,13.0645,99.12563,99.43478,99.92056,0,20249551.56,9199487.834,9145647.827,53840.00681,4478891.807,2337316.167,3.4339,101.5392333,97.95934667,100.1573767,1,7577172.18,5708180.84,5378336.03,329844.8101,6709065.45,2305436.123,11,100.9654,99.28465,100.3991,1,9173235,2518879,2315551.858,203327.1422,2558482,1715789.469,17.2,100.9503667,101.3641333,100.4294667,1,5301210.51,4374812.18,3988760.729,386051.4509,464977.13,4065342.943,3.8,101.6891333,101.4008,100.8463667,1,4149959.755,704705.2409,648141.8277,56563.41321,2589580.127,1094369.132,5,100.6493667,100.9182333,,1,10450326.37,106564.8352,53932.90674,52631.92842,4018320.879,2869159.165,4.3,101.8709667,100.3882,100.8850667,1,8594422.12,9300954.737,8782475.544,518479.193,4161279.208,1662010.648,6.463,100.4831667,100.6435667,100.674,1,5248121.374,1171062.708,1024348.542,146714.1667,2419365.762,703781.6911,27.5646,99.00378333,,99.48695333,0,2634910.888,5155200.635,4749472.618,405728.0169,1658188.133,1166623.346,5.5129,101.2091333,99.64015,100.2568667,0,2770249.92,2011060.554,1627270.84,383789.714,3649828.676,3592370.679,,100.8662667,,100.4225333,0,19744527.12,8021383.072,,99.04738333,,,
9/30/17,67983220.87,92270791.4,85311011.36,6959780.036,47324205.53,19020330.64,4.399,101.1056,101.0477,100.05961,1,27878458.06,4166752.88,3615981.2,550771.68,5807739.89,2822497.217,9.3,101.2563667,100.6229,100.9655,1,9292830.444,12061365.67,11910900.68,150464.9839,11108542.83,2956360.57,12.5093,99.39460333,99.45653,100.8365667,0,11331834.57,8679068.254,8627319.45,51748.8034,4136787.745,2328541.513,3.5274,101.3632,98.54772333,99.69168,0,5521611.14,4889459.77,4609198.836,280260.9339,6779763.07,2314208.012,10.6,101.1879667,99.97215333,100.8582333,1,10431471,1649770,1488529.703,161240.2974,2449294,1724932.337,16.4,101.0749667,101.6243667,100.6133333,1,3974324.67,5303119.26,4808021.928,495097.3324,413926.65,4100399.089,3.6,102.1492333,101.6847,101.3077667,0,2982207.957,883171.3682,837449.3337,45722.03444,2149075.973,1106870.791,4.7,100.8317,101.0927333,,1,10534795.6,231581.3187,153976.7188,77604.59985,4317232.967,2878927.503,4.4,102.1150667,100.2208333,100.886,1,5442558.764,8028475.226,7772738.355,255736.8717,4689539.601,1667937.665,6.318,100.4417,100.9481333,100.8009,1,4786684.476,1002449.528,851682.623,150766.9052,1707232.351,708653.5898,26.521,98.93142667,,99.85513667,0,2380289.888,4684676.237,4201565.558,483110.6795,2040853.686,1177986.343,5.44,101.2569,99.55477,100.1872,0,2562958.094,2516363.107,2334859.627,181503.4792,4411823.586,3615605.82,,101.1325333,,100.4897667,1,16378848.89,8175781.974,,99.55673333,,,
12/30/17,39397763.06,104156429.3,96836482.87,7319946.453,51619371.93,19186732.22,3.9113,101.2626333,101.2667333,100.3491667,0,19695374.88,5423008.03,4822354.73,600653.3,4978554.12,2846175.608,9.3,101.3869333,100.5892333,101.0024667,0,18849462.37,20859006.26,20688673.85,170332.4114,14106853.33,2962263.951,11.8923,100.1974967,99.87494333,101.8842,1,6803524.181,11240497.87,11182229.42,58268.4566,3888320.503,2359635.24,3.3329,101.1271333,98.42251667,99.59662,0,3910729.23,7753462.54,7450661.845,302800.6948,3791389.21,2326500.573,11.2,101.3965,100.6917667,101.3024333,0,4038934,1541010,1364604.184,176405.8158,1825529,1736831.909,16.6,101.5081,101.4938667,100.7902667,0,4512454.441,6030363.008,4363521.81,1666841.198,369699.8272,4130391.277,3.5,102.5001667,101.8514667,101.5472,0,985655.55,658247.1818,575992.1211,82255.06076,2055858.791,1125195.53,4.5,101.1516,101.3034,,0,7500628.571,444804.5886,279272.622,165531.9667,3796953.505,2890420.995,4.2,102.0191,100.2393333,100.6966667,0,3708999.705,8197938.672,7936146.408,261792.264,4203872.958,1675197.541,5.4818,100.6500333,101.3341667,100.9152,0,12329839.21,1403812.447,1316572.68,87239.76655,2690756.775,714679.7253,26.521,99.17535333,,100.3398667,1,4880301.789,6105345.888,5666057.528,439288.3602,2048934.699,1184163.284,5.1884,101.3971667,99.98189,100.1122667,1,1491612.439,2131434.104,2054193.262,77240.8411,4255027.273,3616488.071,,101.8121,,100.8999,0,21469446.01,8334311.898,,99.81423333,,,
3/30/18,37952157.1,89920876.52,83774804.77,6146071.749,47184803.61,19307984.02,4.337,101.3142333,101.3723667,100.6413667,0,20807720.02,6737716.78,6164988.03,572728.75,6173012.73,2850829.222,9.6,101.3279667,100.4649667,100.8167667,0,5765080.798,10313275.93,10196944.06,116331.8719,11093048.57,2985800.935,13.1794,100.5388,100.1499333,102.3571,0,10474692.44,9409057.107,9291784.423,117272.6838,3537689.9,2390084.251,3.1262,100.7832667,97.80073,99.66289667,0,4545410,4634522,4229677,404845,5218594,2326637.609,11.6,101.3187333,100.7907333,101.2497,0,8406471,3270727,3011031,259696,2663216,1745372.876,16.8,101.4165333,101.2735333,100.7365667,0,3653753,4503572,4053204,450368,398608,4135844.739,3.6,102.4310333,101.8128667,101.3981333,0,2141640.816,1054627.955,972890.4545,81737.5,2234224.318,1140721.474,4.2,101.5306667,101.4455333,,0,6462965.934,199872.5275,132728.5714,67143.95604,3623078.022,2892140.494,4.2,101.5335667,100.3707333,100.4681667,0,2896467.35,8426667.652,8169356.379,257311.2731,3624466.497,1684300.188,6.2062,100.8736667,101.1391667,100.7567667,0,6825948.2,1084366.412,986645.7353,97720.67658,2206354.624,709797.7389,26.5538,99.70545667,,100.5039667,0,1896841.4,4844308.569,4426085.588,418222.9807,1813481.41,1194761.885,5.9547,101.0794333,100.1890667,99.77830333,0,1469786.141,1715063.372,1666121.397,48941.97436,3943831.487,3664463.811,,101.3795,,101.2492333,0,17520870.52,8471160.415,,99.61810667,,,
6/30/18,93085054.08,97936972.99,89372055.66,8564917.325,52034589.87,19475406.58,3.8039,101.1919333,101.3668667,100.7107,1,64482341.85,4735656.83,4144886.35,590770.48,6572869.95,2856268.447,8.7,101.3627,100.0291533,100.4654333,1,4101141.934,13130800.96,12977185.09,153615.8716,13507652.25,2987966.689,12.5283,100.4292333,99.97365667,102.0817667,0,19438965.94,9638940.429,9609241.017,29699.41234,4138851.021,2388602.059,3.3211,100.2435,98.7393,99.60185667,1,7387255,5781945,5422814,359131,6642108,2326350.538,10.7,101.0756333,100.8772667,100.8697667,1,8669848,2512663,2263083,249580,3108875,1754888.923,15.3,101.1392,101.3917333,100.4912333,1,6403471,5157224,4844141,313083,469257,4151814.849,3.5,102.1943333,101.5229,101.1027333,1,2849891.448,701384.3182,650632.7273,50751.59091,2489072.955,1155821.007,3.6,101.4768667,101.5894333,,1,11287979.12,186573.6264,138793.4066,47780.21978,3898489.011,2907372.765,3.9,101.2706,100.5355333,100.2161,1,8404840.151,9149018.763,8645092.579,503926.1842,4877013.849,1690878.806,5.9033,100.8032333,101.1028667,100.5121333,1,4760096.717,1386147.736,1295371.071,90776.66529,1845082.22,708866.5368,26.9659,99.82948,,100.4114333,0,2379738.114,5212131.796,4781564.414,430567.3819,1600535.686,1204168.85,5.3483,101.3441667,100.1191333,99.67859,0,2860174.628,2325603.295,2268223.808,57379.48718,5175140.5,3675727.266,,101.7376333,,101.2832667,0,18415556.8,8583394.647,,99.77692333,,,
9/30/18,67078386.04,95543131.39,88448585.28,7094546.113,48120892.1,19616339.94,3.8692,101.3674,101.3054333,100.5465,1,27292368.48,4643956,4231217.85,412738.15,6510188.95,2866261.208,8.8,101.1738333,99.62667,99.9798,1,12253172.84,13086913.33,12934660.78,152252.5498,11074961.78,3000692.876,11.9649,100.1669333,99.65220667,101.6539,0,14373174.71,11369923.47,11353584.5,16338.96298,4101036.815,2393878.767,3.4377,101.0263333,101.1595667,99.64808333,0,5786645,5355243,5010087,345156,6314975,2324592.369,9.4,100.9001,101.0890667,100.4826,1,11874982,1469934,1258763,211171,2530360,1763694.726,14.6,100.7812667,101.3061,100.1971,1,4104479,5319195,4827168,492027,409361,4147530.001,3.3,102.0111333,101.4556667,100.9253333,0,4002537.684,1072932.045,1019921.364,53010.68182,2481657.727,1170693.591,3.8,101.3935,101.5675333,,1,10350204.4,234090.1099,166845.0549,67245.05495,4509978.022,2924443.316,4.2,101.4493667,100.5577333,99.7481,1,5827577.408,8391716.737,8093747.362,297969.375,4736830.553,1701159.442,6.0185,100.4826667,101.0454,100.2284667,1,4399825.426,984957.8787,843282.6159,141675.2628,2481243.424,713466.7825,27.2494,99.41689,,100.2320333,0,2551443.847,5195015.354,4634617.501,560397.853,1858824.476,1207988.259,5.1203,101.2671333,100.1761667,99.77217667,0,2891439.962,2282401.115,2233017.231,49383.88462,4630000.603,3689208.918,,101.5275333,,100.9969333,1,18448382.9,8703385.172,,99.78239,,,
12/30/18,41708455.75,109267994.6,101476133.9,7791860.719,53071403.95,19669565.49,3.5766,100.9141,101.2202333,100.0592967,0,18382963.91,6341236.57,5807528.57,533708,4332122.97,2884565.425,9,100.7501333,98.96415667,99.53941333,0,17552684.21,22339480.04,22177555.54,161924.4979,15846086.69,2997734.333,11.6727,99.89787,100.4051233,101.7244,1,6175689.803,14428816.1,14426644.51,2171.586809,4676132.943,2388025.438,3.243,100.4501533,101.8063333,99.81048333,0,3690375,8031306,7657671,373635,4102988,2328172.08,10.8,100.6789,100.9574667,100.1348667,0,4301052,1377238,1166896,210342,2230977,1773565.894,14.5,100.7671,100.8881667,100.0055333,0,4219634,7154086,5155895,1998191,316120,4156099.234,3.2,101.5974333,101.4511667,100.5470667,0,748030.45,627270.9091,525518.1818,101752.7273,2098393.636,1179526.361,3.8,101.2794333,101.4163,,0,7840758.242,365815.3846,167348.3516,198467.033,4053996.703,2930704.78,3.8,101.3083,100.1411033,99.23407667,0,3091331.882,9775227.684,9414362.822,360864.8618,3863672.664,1705311.238,5.1991,100.1587067,100.6782,99.70639,0,12492650.2,1713956.124,1558065.577,155890.5467,2592567.875,715897.6554,26.8525,99.08641,,100.00752,1,4506135.265,6702940.657,6248843.627,454097.0301,2228100.012,1210011.207,4.7759,101.4376667,100.1164,99.56759667,1,1396059.359,3020543.603,2967981.308,52562.29487,5676062.179,3705028.975,,101.3733333,,100.4175,0,19640731.75,8805454.461,,99.75846333,,,
3/30/19,38962984.6,78645106.83,71625228.06,7019878.771,51828730.35,19820078.36,4.1309,100.3623,100.9830667,99.48419667,0,18217864.84,7015333.17,6454474,560859.17,6582306.8,2899141.746,9.1,100.3387,99.19574667,99.45965333,0,5375084.375,12839248.74,12658191.88,181056.862,12282595.05,3005078.925,12.8047,100.0850667,100.7483333,102.0178333,0,10804379.05,7577627.999,7577498.443,129.5557447,3835528.77,2391848.617,3.3389,99.95744333,103.4070667,99.78325333,0,4597890,6264447,5838586,425861,5464664,2333216.39,11.1,100.3712333,100.6382,99.75412333,0,8349489,3466985,3215232,251753,2906195,1783647.726,14.7,100.5827333,101.0581333,99.88682333,0,4259969,3140077,2801967,338110,398969,4175866.991,3.4,100.9579333,101.3234333,99.92326667,0,2083428.636,1070042.727,994032.5,76010.22727,2595835.909,1196002.426,3.9,100.9710667,101.572,,0,7958905.495,298940.6593,223805.4945,75135.16484,3390931.868,2949992.58,3.7,100.8874333,99.6979,99.01299333,0,3105913.467,8148238.954,7863772.138,284466.8158,3770304.967,1710199.483,6.1434,99.31427333,100.6357333,99.30313667,0,3705370.347,1238844.536,1115747.267,123097.2682,2056854.41,710142.0635,27.3493,98.86850333,,99.85643333,0,1691216.681,5134278.699,4745870.928,388407.7711,1612484.169,1215485.521,5.4153,101.3372333,100.0164533,99.68702333,0,1338460.218,1251001.897,1210230.744,40771.15385,5624314.462,3704059.128,,101.5036667,,100.1229333,0,11887633.18,8930008.869,,99.34933,,,
6/30/19,91359499.85,94414625.47,84321700.18,10092925.29,52664190.06,19919118.64,3.5144,99.83420667,101.3217,99.08883667,1,61129235.35,4738167.7,4143582.37,594585.33,5790235.44,2906542.494,8.1,100.2554333,99.74970667,99.52116667,1,5261283.216,12464513.42,12310731.16,153782.268,12316616.1,3021325.09,12.0891,99.95946667,100.1187667,102.1809333,0,18227470.74,10837074.38,10836893.33,181.0451064,4816984.66,2388085.776,3.5108,99.83415333,102.4302,99.76811667,1,7622596,3938523,3537640,400883,7042770,2334924.187,9.8,100.2603667,100.4215,99.49229,1,9366595,2296914,2054623,242291,3103058,1790431.144,14,100.576,101.2817667,99.65825,1,5688986,3790199,3517451,272748,535811,4165739.795,3.1,100.1246233,101.0724333,99.31724667,1,2854166.591,885117.0455,811148.6364,73968.40909,2678711.136,1204165.052,3.2,100.7077,101.5983667,,1,10302109.89,217871.4286,169568.1319,48303.2967,3657118.681,2948323.987,3.7,99.91405,99.88980667,99.01801,1,8913108.039,10057055.34,9564106.809,492948.5263,3941885.947,1723905.35,5.5439,99.29552,101.1183333,99.16806,1,5028757.039,1288026.538,1086795.126,201231.4125,2386707.848,715941.8695,28.7564,98.75351667,,99.75578667,0,2157088.596,5652782.578,5084558.675,568223.9036,1502131.319,1222921.013,5.1555,101.4509667,99.90574333,100.0186233,0,3316927.372,2316950.654,2265641.974,51308.67949,5900657.179,3726649.346,,101.2942,,100.1543,0,17709643.67,9010868.312,,98.30017,,,
9/30/19,68771489.89,83619186.7,75548876.1,8070310.606,53726740.7,20023052.34,3.6973,99.20835667,100.8742667,98.87648,1,31711229.48,4037218.56,3591651.56,445567,5814651.97,2912642.232,8.3,100.1728,100.2474667,99.61869667,1,10911632.56,13325160.99,13116740.96,208420.0316,12461862.4,3035277.318,11.8346,99.81884667,100.2657333,102.6725333,0,11265845.8,12071152.75,12071012.52,140.2280851,4438992.991,2382882.368,3.7221,98.66802333,102.1030333,99.50117,0,5069606,5526066,5201329,324737,6231275,2335520.534,9.1,100.1567667,100.3719333,99.3838,1,12438649,1476028,1263444,212584,2641490,1797678.026,13.9,100.7061667,100.9679333,99.34428667,1,3979311,4437170,4165491,271679,439226,4176646.05,3.1,99.42117,100.8090667,98.92913333,0,4476726.364,1154783.409,1075343.636,79439.77273,2491710.682,1218834.525,3.1,100.5250667,101.7283,,1,10526731.87,313598.9011,223321.978,90276.92308,4011804.396,2963409.196,3.9,99.09874,99.91044333,99.12089,1,4785301.974,9836129.526,9486586.987,349542.5395,4474009.507,1728717.808,5.7635,99.34639667,100.9539667,99.06844,1,5376901.883,1157513.349,891505.8472,266007.502,2114519.191,714441.405,28.911,98.45531333,,99.63826333,0,2091694.753,5889568.199,5065945.295,823622.9036,1858595.681,1229702.779,5.1742,100.6965333,99.68143,100.1394333,0,3069045.564,2518446.269,2476597.141,41849.12821,6029041.167,3742989.021,,101.1261667,,100.0963667,1,14240711.62,9086241.453,,96.89050667,,,
12/30/19,40839183.55,100557071.6,91697962.81,8859108.771,52874621.48,20128667.8,3.3377,98.98063333,101.2236,99.08335333,0,20596423.12,4990595.88,4322934.6,667661.28,4561558.92,2910070.234,8.4,100.1475333,100.2893333,99.57511333,0,16766733.78,22973769.3,22765800.44,207968.8544,17474097.24,3046370.075,11.0127,100.2006633,100.4356333,103.0602667,1,5098290.664,16484163.38,16484060.05,103.3259574,5114490.675,2369337.593,3.3568,98.54403667,102.1462667,99.72747667,0,3413907,8280793,7891452,389341,4338818,2329853.336,9.9,100.1378,100.1427333,99.39979333,0,4290334,1586383,1353740,232643,2517010,1805051.306,13.8,100.5225333,100.3415,99.09827333,0,4747691,5694569,4225726,1468843,367702,4172361.15,3.1,99.18387333,100.8585333,99.05883333,0,640827.0455,800758.4091,681967.5,118790.9091,2133724.545,1221290.343,2.9,100.5383,101.4724333,,0,8117668.132,431851.6484,229337.3626,202514.2857,3662392.308,2963403.54,3.6,98.90702667,100.1309233,99.54737667,0,3567574.243,9152667.789,8830262.638,322405.1513,4384093.105,1731133.922,5.207,99.24060333,100.5597667,99.08675,0,14663253.89,1863644.282,1694419.771,169224.5111,2915632.374,711848.8451,28.8275,98.45531667,,99.55139,1,4603698.536,6480221.886,5852551.241,627670.6446,2037676.12,1236108.781,4.8985,101.3508667,99.41928333,100.0469333,1,1563579.179,2266818.462,2220011.833,46806.62821,6341557.321,3762352.011,,100.8317,,99.93086667,0,18557648.24,9164469.921,,95.40851,,,
3/30/20,33532363.38,62500478.08,54929823.05,7570655.03,51793500.26,19872522.72,4.098,99.08474,100.9024,99.28786333,0,19033535.86,5257942.16,4721539.87,536402.29,5788341.33,2754579.466,8.1,99.82161667,99.67855667,99.20327333,0,5459861.609,11124718.48,10955853.86,168864.6246,12473983.46,2999473.782,12.3323,99.85313667,99.46842333,101.7082,0,8965222.245,4996981.122,4996925.117,56.00510638,3374058.785,2339934.626,3.4184,97.65185667,101.8232667,99.45178667,0,3941502,4843085,4483124,359961,5247826,2206151.552,9.4,99.76086667,99.75160333,99.00822333,0,7234547,3147429,2877184,270245,3164432,1711028.437,14.4,100.1564,99.92318333,98.59478333,0,5137951,3776097,3538580,237517,419636,4079659.604,,99.07540667,100.3973467,98.71286,0,1718795.227,960939.7727,880753.6364,80186.13636,2475892.5,1216357.059,,99.61475667,100.8647,,0,7064331.868,257176.9231,171210.989,85965.93407,3643295.604,2898588.614,3.8,98.65962667,100.11656,99.41328333,0,2520369.092,6775069.579,6346501.789,428567.7895,3225139.283,1694624.483,6.6926,100.2503367,99.87433333,98.82763333,0,4057281.619,862026.0188,674181.6796,187844.3392,1688732.585,708275.4606,,98.22188667,,99.32896,0,1491568.301,5335042.163,4419532.849,915509.3133,1482184.404,1232327.979,5.5978,100.9101333,99.07447333,99.83178333,0,1339225.5,2043137.846,2006215.436,36922.41026,5929516.192,3772394.337,,99.55289333,,98.72856,0,8147435.898,9224858.242,,96.09348333,,,